ticker,rmse_valid,mae_valid,direction_acc_valid,pocid_valid,auprc_valid,f1_valid,y_next_pred,pred_next_close,last_close,sigma60,z_of_pred,alert,alert_rule
sh600085,0.024169865995645523,0.016561057418584824,0.5271186440677966,0.5271186440677966,0.5688195803654443,0.5406301824212272,-0.00471709668636322,43.23557048584501,43.439998626708984,0.038939945962954574,-0.12113769956110935,False,"( |ret|≥max(0.0331,0.012) AND |ret|≥0.8·σ60 ) AND acc≥0.55"
sz000419,0.019600581377744675,0.012622011825442314,0.6033898305084746,0.6033898305084746,0.6155692840583724,0.6456953642384106,0.004599921405315399,5.103421351158493,5.079999923706055,0.04133544782868869,0.11128270126774413,False,"( |ret|≥max(0.0252,0.012) AND |ret|≥0.8·σ60 ) AND acc≥0.55"
sz000919,0.022217201068997383,0.015172062441706657,0.5711864406779661,0.5711864406779661,0.582101982822276,0.6045751633986928,0.0041279722936451435,8.033092032855443,8.0,0.02892191908741433,0.14272811060315724,False,"( |ret|≥max(0.0303,0.012) AND |ret|≥0.8·σ60 ) AND acc≥0.55"
sz000951,0.03060244582593441,0.027585653588175774,0.4966101694915254,0.4966101694915254,0.5975730109996447,0.0,0.011366309598088264,12.410260692310327,12.270000457763672,0.023477921015769756,0.4841273956573811,False,"( |ret|≥max(0.0552,0.012) AND |ret|≥0.8·σ60 ) AND acc≥0.55"
sh600993,0.027366671711206436,0.02100459113717079,0.5271186440677966,0.5271186440677966,0.5552140403144461,0.44214876033057854,-0.002722993493080139,22.618326818280984,22.68000030517578,0.028221550636099962,-0.09648628324250035,False,"( |ret|≥max(0.0420,0.012) AND |ret|≥0.8·σ60 ) AND acc≥0.55"
sh600761,0.023619504645466805,0.01733974926173687,0.5338983050847458,0.5338983050847458,0.5485835454517934,0.3851508120649652,-0.0013669505715370178,10.325875539492973,10.34000015258789,0.023534490116292144,-0.058082838589408735,False,"( |ret|≥max(0.0347,0.012) AND |ret|≥0.8·σ60 ) AND acc≥0.55"
sh600992,0.027297230437397957,0.018482312560081482,0.5491525423728814,0.5491525423728814,0.6779547349835056,0.6623876765083441,0.004291824996471405,14.763225215033396,14.699999809265137,0.056572137347406536,0.075864629463604,False,"( |ret|≥max(0.0370,0.012) AND |ret|≥0.8·σ60 ) AND acc≥0.55"
sh600684,0.02689860388636589,0.018512610346078873,0.5186440677966102,0.5186440677966102,0.5512604532606065,0.6115007012622721,-0.015061832964420319,4.531234639893876,4.599999904632568,0.040301481313860014,-0.3737289235061242,False,"( |ret|≥max(0.0370,0.012) AND |ret|≥0.8·σ60 ) AND acc≥0.55"
sh600033,0.010317575186491013,0.007103159558027983,0.4694915254237288,0.4694915254237288,0.5728400542915758,0.5827633378932968,0.0015006400644779205,2.874309955495385,2.869999885559082,0.017351268073795032,0.0864858518257672,False,"( |ret|≥max(0.0142,0.012) AND |ret|≥0.8·σ60 ) AND acc≥0.55"
sz000823,0.024787647649645805,0.017565416172146797,0.6372881355932203,0.6372881355932203,0.6339135369391462,0.6130841121495327,-0.005486898124217987,10.969644979737577,11.029999732971191,0.027325514016493583,-0.20079754448281087,False,"( |ret|≥max(0.0351,0.012) AND |ret|≥0.8·σ60 ) AND acc≥0.55"
sh600276,0.020805956795811653,0.016303541138768196,0.5186440677966102,0.5186440677966102,0.5788262487472651,0.13538461538461538,0.002827778458595276,36.001662446395024,35.900001525878906,0.018606099330391646,0.15198118039521125,False,"( |ret|≥max(0.0326,0.012) AND |ret|≥0.8·σ60 ) AND acc≥0.55"
sh600111,0.036815620958805084,0.027391595765948296,0.5220338983050847,0.5220338983050847,0.5177405974591838,0.5205479452054794,-0.00706423819065094,39.20208620046002,39.47999954223633,0.030833779754001443,-0.22910703637181612,False,"( |ret|≥max(0.0548,0.012) AND |ret|≥0.8·σ60 ) AND acc≥0.55"
sz000915,0.026637393981218338,0.019239017739892006,0.5898305084745763,0.5898305084745763,0.6241701191535458,0.5630712979890311,-0.008828029036521912,33.70116800229892,34.0,0.03423910067176021,-0.2578346476680864,False,"( |ret|≥max(0.0385,0.012) AND |ret|≥0.8·σ60 ) AND acc≥0.55"
sz000548,0.018332935869693756,0.0124789047986269,0.47966101694915253,0.47966101694915253,0.5441076512278777,0.6417736289381564,0.0011170431971549988,4.735286585529175,4.730000019073486,0.02361180756322221,0.047308649330532956,False,"( |ret|≥max(0.0250,0.012) AND |ret|≥0.8·σ60 ) AND acc≥0.55"
sh600261,0.019024396315217018,0.013427777215838432,0.4711864406779661,0.4711864406779661,0.5059340082877796,0.48849557522123893,-0.00017690658569335938,3.8093259883134216,3.809999942779541,0.016830490530808595,-0.010511070979114853,False,"( |ret|≥max(0.0269,0.012) AND |ret|≥0.8·σ60 ) AND acc≥0.55"
sz002028,0.03345653787255287,0.03735758364200592,0.49322033898305084,0.49322033898305084,0.5926209236758113,0.17045454545454544,-0.017460264265537262,35.8092689975022,36.439998626708984,0.027693153380375667,-0.6304900608758264,False,"( |ret|≥max(0.0747,0.012) AND |ret|≥0.8·σ60 ) AND acc≥0.55"
sh600028,0.012657330371439457,0.009194272570312023,0.5,0.5,0.5915720875900123,0.6126855600539811,-0.0002702474594116211,4.2888407569056115,4.289999961853027,0.013571393344433767,-0.019913007708407808,False,"( |ret|≥max(0.0184,0.012) AND |ret|≥0.8·σ60 ) AND acc≥0.55"
sz000702,0.022931525483727455,0.016256501898169518,0.559322033898305,0.559322033898305,0.6148346777973637,0.5805369127516778,0.0019651316106319427,5.580956717070852,5.570000171661377,0.03028096456872007,0.06489657742594265,False,"( |ret|≥max(0.0325,0.012) AND |ret|≥0.8·σ60 ) AND acc≥0.55"
sz000573,0.026140311732888222,0.01716044545173645,0.5474576271186441,0.5474576271186441,0.5933328615516327,0.6232980332829047,-0.03403770178556442,4.330077104495969,4.480000019073486,0.04308771231496785,-0.7899628932982696,False,"( |ret|≥max(0.0343,0.012) AND |ret|≥0.8·σ60 ) AND acc≥0.55"
sh600456,0.032775141298770905,0.029796943068504333,0.4915254237288136,0.4915254237288136,0.5473328951284582,0.006688963210702341,-0.006299346685409546,49.04010281965669,49.349998474121094,0.032532952013863976,-0.19362966958634348,False,"( |ret|≥max(0.0596,0.012) AND |ret|≥0.8·σ60 ) AND acc≥0.55"
sh600742,0.025669747963547707,0.017340419813990593,0.5847457627118644,0.5847457627118644,0.6199796177210936,0.5475728155339806,-0.004032619297504425,9.760560097738162,9.800000190734863,0.022472508078419055,-0.17944670389995387,False,"( |ret|≥max(0.0347,0.012) AND |ret|≥0.8·σ60 ) AND acc≥0.55"
sh600125,0.018059365451335907,0.012362911365926266,0.5847457627118644,0.5847457627118644,0.6523857570160994,0.6409861325115562,-0.0009064897894859314,5.005460772625254,5.010000228881836,0.03017664711434726,-0.03003943697444697,False,"( |ret|≥max(0.0247,0.012) AND |ret|≥0.8·σ60 ) AND acc≥0.55"
sh600624,0.01874067634344101,0.013757169246673584,0.5406779661016949,0.5406779661016949,0.5677137878114777,0.5342960288808665,0.007626782171428204,6.6606058989587025,6.610000133514404,0.015109513229392973,0.5047665671271224,False,"( |ret|≥max(0.0275,0.012) AND |ret|≥0.8·σ60 ) AND acc≥0.55"
sh600031,0.029538819566369057,0.039124246686697006,0.48135593220338985,0.48135593220338985,0.5606671839757509,0.0,-0.00700130732730031,17.11971878779334,17.239999771118164,0.0226702621614346,-0.30883208094918874,False,"( |ret|≥max(0.0782,0.012) AND |ret|≥0.8·σ60 ) AND acc≥0.55"
sh600668,0.02851223573088646,0.01823277585208416,0.5847457627118644,0.5847457627118644,0.5941169232152198,0.6304675716440422,-0.02119332365691662,20.65752655132978,21.100000381469727,0.061927313010809,-0.342228964962969,False,"( |ret|≥max(0.0365,0.012) AND |ret|≥0.8·σ60 ) AND acc≥0.55"
sz002038,0.022009791806340218,0.017903871834278107,0.48135593220338985,0.48135593220338985,0.5983598279436839,0.6498855835240275,0.007609060034155846,10.650734224475725,10.569999694824219,0.022205182953527035,0.342670295641238,False,"( |ret|≥max(0.0358,0.012) AND |ret|≥0.8·σ60 ) AND acc≥0.55"
sh600527,0.027189964428544044,0.017625369131565094,0.5915254237288136,0.5915254237288136,0.6323887937938273,0.6247689463955638,0.0020692748948931694,2.314784916674118,2.309999942779541,0.01671306379656775,0.12381174881894688,False,"( |ret|≥max(0.0353,0.012) AND |ret|≥0.8·σ60 ) AND acc≥0.55"
sh600583,0.02134004607796669,0.01538834348320961,0.48983050847457626,0.48983050847457626,0.5636203273194639,0.607095926412615,0.002685283310711384,4.291508667761246,4.28000020980835,0.02017642728147002,0.13309006308946028,False,"( |ret|≥max(0.0308,0.012) AND |ret|≥0.8·σ60 ) AND acc≥0.55"
sh600642,0.01857638917863369,0.011778419837355614,0.46779661016949153,0.46779661016949153,0.4596720059799465,0.38926174496644295,-0.00023692846298217773,5.93859286884486,5.940000057220459,0.02273214173294866,-0.010422614883340169,False,"( |ret|≥max(0.0236,0.012) AND |ret|≥0.8·σ60 ) AND acc≥0.55"
sh600004,0.02423056960105896,0.017940282821655273,0.5525423728813559,0.5525423728813559,0.5287316018165065,0.5244122965641953,0.0010487809777259827,12.212801648982904,12.199999809265137,0.034332424972995726,0.030547818077887697,False,"( |ret|≥max(0.0359,0.012) AND |ret|≥0.8·σ60 ) AND acc≥0.55"
sh600016,0.008647697977721691,0.005628683604300022,0.5559322033898305,0.5559322033898305,0.5849436455573098,0.6112956810631229,-0.0013194968923926353,3.864896800229547,3.869999885559082,0.00998295074182865,-0.1321749054730765,False,"( |ret|≥max(0.0113,0.012) AND |ret|≥0.8·σ60 ) AND acc≥0.55"
sz000581,0.01923133060336113,0.013444771058857441,0.6322033898305085,0.6322033898305085,0.7279974544556087,0.6537216828478964,0.0015783589333295822,19.77118117735307,19.739999771118164,0.01827871610500069,0.08634950402248082,False,"( |ret|≥max(0.0269,0.012) AND |ret|≥0.8·σ60 ) AND acc≥0.55"
sz000550,0.029336566105484962,0.02085304632782936,0.6186440677966102,0.6186440677966102,0.6586752095264573,0.6237288135593221,-0.007150054909288883,14.247763027699266,14.350000381469727,0.027620077141962046,-0.2588715550584235,False,"( |ret|≥max(0.0417,0.012) AND |ret|≥0.8·σ60 ) AND acc≥0.55"
sh600059,0.0287947915494442,0.020069178193807602,0.5254237288135594,0.5254237288135594,0.5595383120052616,0.48863636363636365,0.0029104799032211304,9.54774858837528,9.520000457763672,0.022854591494191123,0.12734765486770255,False,"( |ret|≥max(0.0401,0.012) AND |ret|≥0.8·σ60 ) AND acc≥0.55"
sh600836,0.026401767507195473,0.018593117594718933,0.5663265306122449,0.5663265306122449,0.6291967123106339,0.6369047619047619,0.004288906697183847,6.578152859348917,6.550000190734863,0.026425807975501897,0.16229986527417564,False,"( |ret|≥max(0.0372,0.012) AND |ret|≥0.8·σ60 ) AND acc≥0.55"
sh600969,0.01921864226460457,0.013519329950213432,0.5474576271186441,0.5474576271186441,0.5583076525077584,0.6346433770014556,-0.002331553027033806,8.001323183408362,8.020000457763672,0.023275399734017266,-0.10017237306143811,False,"( |ret|≥max(0.0270,0.012) AND |ret|≥0.8·σ60 ) AND acc≥0.55"
sz000983,0.032221999019384384,0.022690683603286743,0.5129087779690189,0.5129087779690189,0.524827542066182,0.48565965583174,-0.008662030100822449,12.560726104712824,12.670000076293945,0.039746315862905265,-0.2179328507168158,False,"( |ret|≥max(0.0454,0.012) AND |ret|≥0.8·σ60 ) AND acc≥0.55"
sh600192,0.026305459439754486,0.017955593764781952,0.5508474576271186,0.5508474576271186,0.5401603395235499,0.6037151702786377,0.005341684445738792,5.881332367693732,5.849999904632568,0.04382019601747177,0.12190003040170515,False,"( |ret|≥max(0.0359,0.012) AND |ret|≥0.8·σ60 ) AND acc≥0.55"
sh600660,0.026307646185159683,0.02032962441444397,0.5305084745762711,0.5305084745762711,0.5884197063669616,0.3665893271461717,0.0010561682283878326,35.18714545238304,35.150001525878906,0.023822940284941526,0.04433406508241911,False,"( |ret|≥max(0.0407,0.012) AND |ret|≥0.8·σ60 ) AND acc≥0.55"
sz000729,0.021073797717690468,0.015141680836677551,0.5796610169491525,0.5796610169491525,0.6264670502576413,0.596252129471891,-0.0008172541856765747,7.084208187363026,7.090000152587891,0.02558142410576816,-0.031947160675104544,False,"( |ret|≥max(0.0303,0.012) AND |ret|≥0.8·σ60 ) AND acc≥0.55"
sh600486,0.028630204498767853,0.024462124332785606,0.47692307692307695,0.47692307692307695,0.6029598931923985,0.0,-0.01581691950559616,115.41990085028615,117.26000213623047,0.025816435009435028,-0.612668378617413,False,"( |ret|≥max(0.0489,0.012) AND |ret|≥0.8·σ60 ) AND acc≥0.55"
sh600611,0.012554655782878399,0.008806114085018635,0.46779661016949153,0.46779661016949153,0.5040860261818374,0.5989304812834224,0.0016952194273471832,3.3256328347815116,3.319999933242798,0.01343707528224077,0.12615975799362406,False,"( |ret|≥max(0.0176,0.012) AND |ret|≥0.8·σ60 ) AND acc≥0.55"
sh600426,0.027742648497223854,0.020802248269319534,0.6067796610169491,0.6067796610169491,0.6613679268396774,0.556420233463035,-0.011557072401046753,31.96839589416373,32.34000015258789,0.024765544929972343,-0.46665913336994863,False,"( |ret|≥max(0.0416,0.012) AND |ret|≥0.8·σ60 ) AND acc≥0.55"
sh600439,0.022568169981241226,0.016003943979740143,0.5813559322033899,0.5813559322033899,0.613229804805227,0.6302652106084243,0.0038088723085820675,2.9311431916057034,2.9200000762939453,0.01932886105323075,0.19705611869894638,False,"( |ret|≥max(0.0320,0.012) AND |ret|≥0.8·σ60 ) AND acc≥0.55"
sh600824,0.022348182275891304,0.013577420264482498,0.5293103448275862,0.5293103448275862,0.550744226666415,0.5434380776340111,0.007906081154942513,3.9511147505229958,3.9200000762939453,0.03922203635307722,0.20157237803891967,False,"( |ret|≥max(0.0272,0.012) AND |ret|≥0.8·σ60 ) AND acc≥0.55"
sh600329,0.02527296356856823,0.020559893921017647,0.5144312393887945,0.5144312393887945,0.573268946864264,0.3357664233576642,-0.0035161031410098076,26.078145237003223,26.170000076293945,0.029285707610514425,-0.12006204484289038,False,"( |ret|≥max(0.0411,0.012) AND |ret|≥0.8·σ60 ) AND acc≥0.55"
sz000830,0.028746861964464188,0.02140478976070881,0.6016949152542372,0.6016949152542372,0.5963652193067233,0.6,-0.03923166170716286,17.00942966845563,17.690000534057617,0.023302253930518903,-1.683598719169139,False,"( |ret|≥max(0.0428,0.012) AND |ret|≥0.8·σ60 ) AND acc≥0.55"
sh600467,0.023886866867542267,0.01628698781132698,0.6457627118644068,0.6457627118644068,0.6200038913216928,0.6818181818181818,0.012631718069314957,3.0887710490812013,3.049999952316284,0.030188404501147553,0.41842933052462183,False,"( |ret|≥max(0.0326,0.012) AND |ret|≥0.8·σ60 ) AND acc≥0.55"
sz000559,0.02295539714396,0.01663883961737156,0.488135593220339,0.488135593220339,0.49144484461945015,0.610608020698577,0.0018214434385299683,5.3797899499331265,5.369999885559082,0.018234913781155337,0.09988763651495582,False,"( |ret|≥max(0.0333,0.012) AND |ret|≥0.8·σ60 ) AND acc≥0.55"
sz000589,0.02133619785308838,0.015180823393166065,0.5152542372881356,0.5152542372881356,0.5511680529734033,0.3081081081081081,-0.0005458435043692589,5.447025774023186,5.449999809265137,0.02299613041917513,-0.023736309416258046,False,"( |ret|≥max(0.0304,0.012) AND |ret|≥0.8·σ60 ) AND acc≥0.55"
sh600588,0.0318327471613884,0.03956739231944084,0.5,0.5,0.5795832146075226,0.0,-0.00663505494594574,22.877701183206348,23.030000686645508,0.03131635674416921,-0.21187179854384353,False,"( |ret|≥max(0.0791,0.012) AND |ret|≥0.8·σ60 ) AND acc≥0.55"
sh600249,0.02463890053331852,0.016880087554454803,0.6322033898305085,0.6322033898305085,0.6172819183780077,0.6611842105263158,-0.002074476331472397,5.997545548591126,6.010000228881836,0.032106102733057106,-0.06461312675004949,False,"( |ret|≥max(0.0338,0.012) AND |ret|≥0.8·σ60 ) AND acc≥0.55"
sz000417,0.02044837549328804,0.01388098020106554,0.5847457627118644,0.5847457627118644,0.63466504660183,0.6466165413533834,0.0041650161147117615,4.428405871928832,4.409999847412109,0.018909524761249102,0.2202601051426732,False,"( |ret|≥max(0.0278,0.012) AND |ret|≥0.8·σ60 ) AND acc≥0.55"
sz000402,0.017318153753876686,0.011797191575169563,0.4728813559322034,0.4728813559322034,0.5499587835321298,0.6282973621103117,0.00031800568103790283,5.951892243893191,5.949999809265137,0.018493135683660192,0.0171958674028551,False,"( |ret|≥max(0.0236,0.012) AND |ret|≥0.8·σ60 ) AND acc≥0.55"
sh600060,0.02565188705921173,0.01899227872490883,0.6016949152542372,0.6016949152542372,0.6310908726042246,0.6546546546546547,0.00023552030324935913,11.232644746621448,11.229999542236328,0.024342643715998893,0.00967521068151113,False,"( |ret|≥max(0.0380,0.012) AND |ret|≥0.8·σ60 ) AND acc≥0.55"
sh600235,0.026423387229442596,0.018494881689548492,0.488135593220339,0.488135593220339,0.48786877773207826,0.5763195435092725,0.004032555967569351,6.0744464123585615,6.050000190734863,0.03177611186054604,0.1269052273045398,False,"( |ret|≥max(0.0370,0.012) AND |ret|≥0.8·σ60 ) AND acc≥0.55"
sz000898,0.024143213406205177,0.016865335404872894,0.5932203389830508,0.5932203389830508,0.6331295846348297,0.6342281879194631,0.0031456947326660156,3.601310738863328,3.5899999141693115,0.024748486061927075,0.12710650072613228,False,"( |ret|≥max(0.0337,0.012) AND |ret|≥0.8·σ60 ) AND acc≥0.55"
sz002001,0.02326342836022377,0.018226182088255882,0.5288135593220339,0.5288135593220339,0.6610801284146168,0.1921921921921922,-0.006352722644805908,31.47938395455685,31.68000030517578,0.026102770920232228,-0.24337340393804255,False,"( |ret|≥max(0.0365,0.012) AND |ret|≥0.8·σ60 ) AND acc≥0.55"
sh600436,0.027551082894206047,0.02318735234439373,0.4830508474576271,0.4830508474576271,0.6372611358916023,0.18666666666666668,0.00834539532661438,311.5491735709603,308.9599914550781,0.024875500251187233,0.3354863977600652,False,"( |ret|≥max(0.0464,0.012) AND |ret|≥0.8·σ60 ) AND acc≥0.55"
sh600479,0.019551949575543404,0.012421599589288235,0.6135593220338983,0.6135593220338983,0.690056155609211,0.6656441717791411,-0.015703637152910233,11.714585986897953,11.899999618530273,0.042965103012185264,-0.3654974013092099,False,"( |ret|≥max(0.0248,0.012) AND |ret|≥0.8·σ60 ) AND acc≥0.55"
sh600138,0.020555468276143074,0.015054883435368538,0.5559322033898305,0.5559322033898305,0.5900322237186018,0.6397774687065368,0.003895794041454792,12.257660460857812,12.210000038146973,0.028019098112336677,0.1390406156339963,False,"( |ret|≥max(0.0301,0.012) AND |ret|≥0.8·σ60 ) AND acc≥0.55"
sh600054,0.018158162012696266,0.012631730176508427,0.611864406779661,0.611864406779661,0.6694141153433191,0.6394779771615008,-0.0019888710230588913,11.27754828217104,11.300000190734863,0.031863564097201674,-0.06241832811949235,False,"( |ret|≥max(0.0253,0.012) AND |ret|≥0.8·σ60 ) AND acc≥0.55"
sz000089,0.017288079485297203,0.012387581169605255,0.6016949152542372,0.6016949152542372,0.5860953786819109,0.6,0.004972442984580994,6.964544672324471,6.929999828338623,0.019428210218729647,0.2559391919897708,False,"( |ret|≥max(0.0248,0.012) AND |ret|≥0.8·σ60 ) AND acc≥0.55"
sz000822,0.03014352358877659,0.021683039143681526,0.6084745762711864,0.6084745762711864,0.6533786403176749,0.6018348623853211,0.005645276978611946,6.818383428922714,6.78000020980835,0.028580002069050713,0.1975253532074332,False,"( |ret|≥max(0.0434,0.012) AND |ret|≥0.8·σ60 ) AND acc≥0.55"
sh600638,0.02548588439822197,0.017194576561450958,0.4610169491525424,0.4610169491525424,0.5787663488531002,0.6285046728971962,-0.0013465769588947296,6.031872110689387,6.039999961853027,0.02286153857183644,-0.058901388707919916,False,"( |ret|≥max(0.0344,0.012) AND |ret|≥0.8·σ60 ) AND acc≥0.55"
sh600262,0.022462135180830956,0.015032868832349777,0.6067796610169491,0.6067796610169491,0.6054732776379967,0.6235489220563848,0.00030900537967681885,21.66669393809051,21.65999984741211,0.04077466821057822,0.007578364642903625,False,"( |ret|≥max(0.0301,0.012) AND |ret|≥0.8·σ60 ) AND acc≥0.55"
sz002023,0.02886185422539711,0.02019120194017887,0.6847457627118644,0.6847457627118644,0.6702234140963456,0.6937394247038917,-0.00012570619583129883,11.168596026327657,11.170000076293945,0.019143614865600934,-0.0065664782251965,False,"( |ret|≥max(0.0404,0.012) AND |ret|≥0.8·σ60 ) AND acc≥0.55"
sh600011,0.026965245604515076,0.018702691420912743,0.5813559322033899,0.5813559322033899,0.5805125727968776,0.6010016694490818,-0.02706999145448208,7.085574095523878,7.28000020980835,0.04208316551750833,-0.6432497339279887,False,"( |ret|≥max(0.0374,0.012) AND |ret|≥0.8·σ60 ) AND acc≥0.55"
sh600067,0.023023804649710655,0.015076451003551483,0.5644067796610169,0.5644067796610169,0.5761803184424663,0.631578947368421,-0.008725184947252274,4.61951735234108,4.659999847412109,0.03737740202105431,-0.23343469960781305,False,"( |ret|≥max(0.0302,0.012) AND |ret|≥0.8·σ60 ) AND acc≥0.55"
sh600064,0.015345417894423008,0.010675041936337948,0.5559322033898305,0.5559322033898305,0.6154591126912228,0.38961038961038963,0.0011085905134677887,9.95102507987489,9.9399995803833,0.01798249645276474,0.06164827558270372,False,"( |ret|≥max(0.0214,0.012) AND |ret|≥0.8·σ60 ) AND acc≥0.55"
sh600831,0.026521911844611168,0.01920187473297119,0.511864406779661,0.511864406779661,0.5392674494045205,0.5566343042071198,0.00769416056573391,6.509896023402464,6.460000038146973,0.0388480106680837,0.19805798167872132,False,"( |ret|≥max(0.0384,0.012) AND |ret|≥0.8·σ60 ) AND acc≥0.55"
sh600114,0.03239820897579193,0.023823793977499008,0.5847457627118644,0.5847457627118644,0.5972735643225171,0.4794816414686825,0.007719310000538826,8.2836985343277,8.220000267028809,0.03727196793041524,0.20710760279345405,False,"( |ret|≥max(0.0476,0.012) AND |ret|≥0.8·σ60 ) AND acc≥0.55"
sh600320,0.019152935594320297,0.012516097165644169,0.5440677966101695,0.5440677966101695,0.5874011242766344,0.5894039735099338,0.002189941704273224,3.2370812817662507,3.2300000190734863,0.018081667424802442,0.12111385757105168,False,"( |ret|≥max(0.0250,0.012) AND |ret|≥0.8·σ60 ) AND acc≥0.55"
sh600594,0.022927219048142433,0.01691703125834465,0.4847457627118644,0.4847457627118644,0.4865811316541878,0.37554585152838427,0.003819413483142853,7.337973241914699,7.309999942779541,0.03504033247489855,0.10900046099375091,False,"( |ret|≥max(0.0338,0.012) AND |ret|≥0.8·σ60 ) AND acc≥0.55"
sh600755,0.016344456002116203,0.011524707078933716,0.6383701188455009,0.6383701188455009,0.6308350370446808,0.6709677419354839,-0.0007539801299571991,7.434392559247109,7.440000057220459,0.01962709000763629,-0.03841525898700516,False,"( |ret|≥max(0.0230,0.012) AND |ret|≥0.8·σ60 ) AND acc≥0.55"
sh600305,0.03325255215167999,0.038604166358709335,0.48135593220338985,0.48135593220338985,0.5394529616083912,0.0,-0.000708660576492548,10.682426682741891,10.6899995803833,0.020249587706507605,-0.034996279272491715,False,"( |ret|≥max(0.0772,0.012) AND |ret|≥0.8·σ60 ) AND acc≥0.55"
sh600491,0.025984439998865128,0.017284544184803963,0.45932203389830506,0.45932203389830506,0.5343084242003641,0.6023166023166023,0.0013442151248455048,6.188312663447045,6.179999828338623,0.031871113216796226,0.042176584606127006,False,"( |ret|≥max(0.0346,0.012) AND |ret|≥0.8·σ60 ) AND acc≥0.55"
sh600118,0.0262192003428936,0.017518425360322,0.5745762711864407,0.5745762711864407,0.5941129406617334,0.5802047781569966,0.004898354411125183,22.30901100203158,22.200000762939453,0.020588236985944162,0.23791993628546163,False,"( |ret|≥max(0.0350,0.012) AND |ret|≥0.8·σ60 ) AND acc≥0.55"
sh600779,0.03343121334910393,0.02841956354677677,0.4940577249575552,0.4940577249575552,0.5968214819344155,0.07547169811320754,-0.00487557053565979,80.75531191983066,81.1500015258789,0.02329719744463546,-0.2092770366253688,False,"( |ret|≥max(0.0568,0.012) AND |ret|≥0.8·σ60 ) AND acc≥0.55"
sh600501,0.026457125321030617,0.018396398052573204,0.47796610169491527,0.47796610169491527,0.475003776954213,0.5145631067961165,0.003275342285633087,11.908941937575786,11.869999885559082,0.03368084437431215,0.09724641332528483,False,"( |ret|≥max(0.0368,0.012) AND |ret|≥0.8·σ60 ) AND acc≥0.55"
sh600521,0.031708668917417526,0.023535145446658134,0.5661016949152542,0.5661016949152542,0.5966173704292224,0.40941176470588236,-0.0002310536801815033,21.515028756847414,21.520000457763672,0.04113715837915365,-0.005616664668115325,False,"( |ret|≥max(0.0471,0.012) AND |ret|≥0.8·σ60 ) AND acc≥0.55"
sh600535,0.018004029989242554,0.013235646300017834,0.5016949152542373,0.5016949152542373,0.6798743437856598,0.6573099415204678,0.004669169895350933,15.070201311817089,15.0,0.025962491497947007,0.17984283585771382,False,"( |ret|≥max(0.0265,0.012) AND |ret|≥0.8·σ60 ) AND acc≥0.55"
sh600549,0.027771607041358948,0.02014962211251259,0.5694915254237288,0.5694915254237288,0.6351633205333922,0.5909090909090909,-0.004317980259656906,18.48003053102177,18.559999465942383,0.021184383602355517,-0.20382836255349715,False,"( |ret|≥max(0.0403,0.012) AND |ret|≥0.8·σ60 ) AND acc≥0.55"
sh600388,0.018593844026327133,0.013633565045893192,0.49830508474576274,0.49830508474576274,0.5768546074571361,0.6643990929705216,-0.000589495524764061,9.89416533287158,9.899999618530273,0.024078385845903483,-0.02448234211849928,False,"( |ret|≥max(0.0273,0.012) AND |ret|≥0.8·σ60 ) AND acc≥0.55"
sh600557,0.022188981994986534,0.015482285059988499,0.576271186440678,0.576271186440678,0.5758387219297458,0.5663082437275986,0.004382282495498657,13.328280956018519,13.270000457763672,0.03943954598775496,0.11111389024915115,False,"( |ret|≥max(0.0310,0.012) AND |ret|≥0.8·σ60 ) AND acc≥0.55"
sz000632,0.02182132937014103,0.015279833227396011,0.5033898305084745,0.5033898305084745,0.5396250821774293,0.6088154269972452,-0.0011377595365047455,4.175246698143689,4.179999828338623,0.024731231477690095,-0.04600495035928995,False,"( |ret|≥max(0.0306,0.012) AND |ret|≥0.8·σ60 ) AND acc≥0.55"
sh600283,0.02612878382205963,0.01781618595123291,0.5238095238095238,0.5238095238095238,0.6000670261015145,0.6674641148325359,-0.00051155686378479,12.313698926156638,12.319999694824219,0.03857224399285015,-0.013262301546588735,False,"( |ret|≥max(0.0356,0.012) AND |ret|≥0.8·σ60 ) AND acc≥0.55"
sz002029,0.01721465401351452,0.012514570727944374,0.4576271186440678,0.4576271186440678,0.5785748745726247,0.6224852071005917,0.0011882595717906952,5.3663729905321755,5.360000133514404,0.01746548751207599,0.06803468214799543,False,"( |ret|≥max(0.0250,0.012) AND |ret|≥0.8·σ60 ) AND acc≥0.55"
sh600188,0.03668208792805672,0.026890015229582787,0.4966101694915254,0.4966101694915254,0.5272981704886152,0.24533333333333332,-0.029155995696783066,39.180827807524054,40.34000015258789,0.034135658463060665,-0.854121129291308,False,"( |ret|≥max(0.0538,0.012) AND |ret|≥0.8·σ60 ) AND acc≥0.55"
sh600801,0.025009851902723312,0.018099110573530197,0.5969387755102041,0.5969387755102041,0.6592120255126528,0.5021834061135371,-0.010662678629159927,17.917925332144772,18.110000610351562,0.030695514269005117,-0.34736916482402597,False,"( |ret|≥max(0.0362,0.012) AND |ret|≥0.8·σ60 ) AND acc≥0.55"
sh600327,0.03209462761878967,0.021666064858436584,0.5559322033898305,0.5559322033898305,0.5596447001488228,0.5325670498084292,-0.01157115027308464,6.5833801323695615,6.659999847412109,0.0285064757072443,-0.4059128996789697,False,"( |ret|≥max(0.0433,0.012) AND |ret|≥0.8·σ60 ) AND acc≥0.55"
sh600326,0.022548621520400047,0.015359953045845032,0.576271186440678,0.576271186440678,0.5942922833232489,0.6185897435897436,0.001265883445739746,5.957536584859121,5.949999809265137,0.01788362268872519,0.07078446911615599,False,"( |ret|≥max(0.0307,0.012) AND |ret|≥0.8·σ60 ) AND acc≥0.55"
sz000572,0.03167144954204559,0.023872045800089836,0.5604770017035775,0.5604770017035775,0.5721896963294332,0.5497287522603979,-0.005636200308799744,5.33981862425965,5.369999885559082,0.025063881021331526,-0.22487331691646967,False,"( |ret|≥max(0.0477,0.012) AND |ret|≥0.8·σ60 ) AND acc≥0.55"
sh600098,0.02146795019507408,0.014173179864883423,0.5152542372881356,0.5152542372881356,0.5650309504449563,0.5047801147227533,0.0006894487887620926,6.3443727651868675,6.340000152587891,0.02202225423851184,0.03130689838678832,False,"( |ret|≥max(0.0283,0.012) AND |ret|≥0.8·σ60 ) AND acc≥0.55"
sz000733,0.03830157592892647,0.04306097701191902,0.4966101694915254,0.4966101694915254,0.5549275065374488,0.24489795918367346,-0.024834562093019485,107.04821603045049,109.73999786376953,0.024617168573487554,-1.0088305619136244,False,"( |ret|≥max(0.0861,0.012) AND |ret|≥0.8·σ60 ) AND acc≥0.55"
sz000701,0.02696889080107212,0.018907634541392326,0.5,0.5,0.47491686669800415,0.18787878787878787,0.001616150140762329,5.809381440571724,5.800000190734863,0.038856225074342575,0.041593070910503634,False,"( |ret|≥max(0.0378,0.012) AND |ret|≥0.8·σ60 ) AND acc≥0.55"
sh600718,0.02160739339888096,0.015347340144217014,0.6237288135593221,0.6237288135593221,0.6560006436692629,0.6129032258064516,0.005966406315565109,11.679476689954098,11.609999656677246,0.03345911214350061,0.17831927239382384,False,"( |ret|≥max(0.0307,0.012) AND |ret|≥0.8·σ60 ) AND acc≥0.55"
sz000909,0.02432427741587162,0.01661449298262596,0.5155172413793103,0.5155172413793103,0.5590401231405755,0.5612903225806452,0.005114413797855377,7.739481671762984,7.699999809265137,0.030955069435109922,0.1652205031027799,False,"( |ret|≥max(0.0332,0.012) AND |ret|≥0.8·σ60 ) AND acc≥0.55"
sh600774,0.025896288454532623,0.0184398852288723,0.5915254237288136,0.5915254237288136,0.6061397985316916,0.6146341463414634,0.009976036846637726,12.655625051534463,12.529999732971191,0.03160255159549478,0.31567177921614736,False,"( |ret|≥max(0.0369,0.012) AND |ret|≥0.8·σ60 ) AND acc≥0.55"
sh600536,0.03261382877826691,0.028164058923721313,0.5050847457627119,0.5050847457627119,0.5464803918275541,0.0,0.0003929194062948227,39.8156405018083,39.79999923706055,0.026276308581504076,0.014953365901546002,False,"( |ret|≥max(0.0563,0.012) AND |ret|≥0.8·σ60 ) AND acc≥0.55"
sh600169,0.023238539695739746,0.01596297323703766,0.4830508474576271,0.4830508474576271,0.5196437029178561,0.5809379727685325,0.004126891493797302,2.5605452701532787,2.549999952316284,0.019312329991501294,0.21369194492295635,False,"( |ret|≥max(0.0319,0.012) AND |ret|≥0.8·σ60 ) AND acc≥0.55"
sh600210,0.03243843466043472,0.02598337084054947,0.5271186440677966,0.5271186440677966,0.5428886424400913,0.5166051660516605,-0.013372027315199375,5.880833244755159,5.960000038146973,0.026237940612816167,-0.5096445035866363,False,"( |ret|≥max(0.0520,0.012) AND |ret|≥0.8·σ60 ) AND acc≥0.55"
sh600405,0.03139542415738106,0.022691091522574425,0.6033898305084746,0.6033898305084746,0.6525971117046463,0.635483870967742,0.0004792679101228714,6.072910025202108,6.070000171661377,0.03884054823295793,0.012339367195711192,False,"( |ret|≥max(0.0454,0.012) AND |ret|≥0.8·σ60 ) AND acc≥0.55"
sh600459,0.030868057161569595,0.028762713074684143,0.5135593220338983,0.5135593220338983,0.5347195223290017,0.17159763313609466,-0.0013985298573970795,20.810875160978615,20.84000015258789,0.022454456843317292,-0.062282924246464484,False,"( |ret|≥max(0.0575,0.012) AND |ret|≥0.8·σ60 ) AND acc≥0.55"
sh600586,0.036488112062215805,0.03402737155556679,0.4864406779661017,0.4864406779661017,0.5180466929166647,0.4444444444444444,-0.011258233338594437,7.979655268776701,8.069999694824219,0.024422753531237754,-0.46097294944508127,False,"( |ret|≥max(0.0681,0.012) AND |ret|≥0.8·σ60 ) AND acc≥0.55"
sh600037,0.02582511492073536,0.018030185252428055,0.4880546075085324,0.4880546075085324,0.5316597124526906,0.6340269277845777,-0.00016758590936660767,8.778528452018124,8.779999732971191,0.02892980772105791,-0.005792843597649856,False,"( |ret|≥max(0.0361,0.012) AND |ret|≥0.8·σ60 ) AND acc≥0.55"
sh600377,0.010670343413949013,0.007936089299619198,0.5610169491525424,0.5610169491525424,0.6044645316438817,0.41012658227848103,0.003285227343440056,8.427640906058372,8.399999618530273,0.013381836867362912,0.24549879968006671,False,"( |ret|≥max(0.0159,0.012) AND |ret|≥0.8·σ60 ) AND acc≥0.55"
sh600519,0.02068370021879673,0.01787884347140789,0.49491525423728816,0.49491525423728816,0.6388969755925733,0.038834951456310676,-0.003737218677997589,1654.6048594645079,1660.800048828125,0.022867595734889005,-0.16342850761571995,False,"( |ret|≥max(0.0358,0.012) AND |ret|≥0.8·σ60 ) AND acc≥0.55"
sz000055,0.0203130804002285,0.01423733402043581,0.4610169491525424,0.4610169491525424,0.5304859785328246,0.6264775413711584,-0.002235136926174164,4.51988634620943,4.53000020980835,0.02255025589987665,-0.09911798539751986,False,"( |ret|≥max(0.0285,0.012) AND |ret|≥0.8·σ60 ) AND acc≥0.55"
sh600343,0.027070267125964165,0.019182048738002777,0.5341296928327645,0.5341296928327645,0.5497535992641412,0.6440677966101694,0.0015501771122217178,9.90534348471562,9.890000343322754,0.03169677664862711,0.04890644371639675,False,"( |ret|≥max(0.0384,0.012) AND |ret|≥0.8·σ60 ) AND acc≥0.55"
sh600298,0.025084219872951508,0.019968649372458458,0.5711864406779661,0.5711864406779661,0.6491366885107869,0.4592274678111588,-0.01498064212501049,42.46899841915788,43.11000061035156,0.024430919751497436,-0.6131834636417096,False,"( |ret|≥max(0.0399,0.012) AND |ret|≥0.8·σ60 ) AND acc≥0.55"
sh600216,0.028211653232574463,0.022629916667938232,0.4830508474576271,0.4830508474576271,0.5399792252174336,0.12352941176470589,0.004216372966766357,15.58557671797328,15.520000457763672,0.02394065514580351,0.17611762000294437,False,"( |ret|≥max(0.0453,0.012) AND |ret|≥0.8·σ60 ) AND acc≥0.55"
sh600368,0.01565203070640564,0.011388715356588364,0.6,0.6,0.6201940907234882,0.617059891107078,-0.005241198930889368,4.138253498909908,4.159999847412109,0.019760798161448233,-0.26523201318833356,False,"( |ret|≥max(0.0228,0.012) AND |ret|≥0.8·σ60 ) AND acc≥0.55"
sh600815,0.023903243243694305,0.01640191674232483,0.43611584327086883,0.43611584327086883,0.39608338883717453,0.4354243542435424,0.0001534968614578247,2.870440455346074,2.869999885559082,0.025547205310095338,0.0060083597994795256,False,"( |ret|≥max(0.0328,0.012) AND |ret|≥0.8·σ60 ) AND acc≥0.55"
sh600036,0.01956017315387726,0.015202214941382408,0.5288135593220339,0.5288135593220339,0.5487504519720752,0.07432432432432433,-0.003831382840871811,44.877725676724566,45.04999923706055,0.02364136644084374,-0.16206259607848247,False,"( |ret|≥max(0.0304,0.012) AND |ret|≥0.8·σ60 ) AND acc≥0.55"
sz000966,0.0333549827337265,0.021936729550361633,0.5008635578583766,0.5008635578583766,0.5067727479088977,0.46153846153846156,0.0024935156106948853,5.784405518705316,5.769999980926514,0.027016025517058496,0.09229761373094238,False,"( |ret|≥max(0.0439,0.012) AND |ret|≥0.8·σ60 ) AND acc≥0.55"
sh600266,0.015784138813614845,0.011046251282095909,0.5542372881355933,0.5542372881355933,0.5216024929118364,0.4774193548387097,0.000393102178350091,4.901926674725297,4.900000095367432,0.02045684877733297,0.019216155453234303,False,"( |ret|≥max(0.0221,0.012) AND |ret|≥0.8·σ60 ) AND acc≥0.55"
sh600971,0.026507653295993805,0.018151357769966125,0.6288135593220339,0.6288135593220339,0.6576781434648702,0.6501650165016502,-0.0007461681962013245,7.6442940376994555,7.650000095367432,0.02593267268651582,-0.028773274451443794,False,"( |ret|≥max(0.0363,0.012) AND |ret|≥0.8·σ60 ) AND acc≥0.55"
sh600196,0.03162294998764992,0.022753359749913216,0.6372881355932203,0.6372881355932203,0.6720820501733117,0.6104868913857678,0.006312219891697168,50.45749508830372,50.13999938964844,0.03766384467081676,0.1675935707289167,False,"( |ret|≥max(0.0455,0.012) AND |ret|≥0.8·σ60 ) AND acc≥0.55"
sz000637,0.02249225042760372,0.015643302351236343,0.5576271186440678,0.5576271186440678,0.6002771235765091,0.6658064516129032,0.0001692548394203186,5.270892029416664,5.269999980926514,0.035692142921867405,0.004742074253431256,False,"( |ret|≥max(0.0313,0.012) AND |ret|≥0.8·σ60 ) AND acc≥0.55"
sz000888,0.01821715198457241,0.012689182534813881,0.5169491525423728,0.5169491525423728,0.5722892622270035,0.6682242990654206,0.004903208464384079,7.81824084698459,7.78000020980835,0.031190816159448954,0.1572003395908351,False,"( |ret|≥max(0.0254,0.012) AND |ret|≥0.8·σ60 ) AND acc≥0.55"
sh600310,0.027313323691487312,0.018349282443523407,0.48186528497409326,0.48186528497409326,0.48469381499952524,0.3813953488372093,0.0009292191825807095,4.374062460499584,4.369999885559082,0.032300573235884304,0.028767876288635995,False,"( |ret|≥max(0.0367,0.012) AND |ret|≥0.8·σ60 ) AND acc≥0.55"
sh600183,0.026547212153673172,0.0202744510024786,0.5661016949152542,0.5661016949152542,0.625251425669157,0.3253333333333333,0.010791519656777382,16.840760148188295,16.65999984741211,0.016651774598409427,0.6480698565971231,False,"( |ret|≥max(0.0405,0.012) AND |ret|≥0.8·σ60 ) AND acc≥0.55"
sh600531,0.027131445705890656,0.01984724961221218,0.5813559322033899,0.5813559322033899,0.62038087385286,0.5297741273100616,0.0009577013552188873,5.465231592316398,5.460000038146973,0.023924238190144807,0.04003057264777066,False,"( |ret|≥max(0.0397,0.012) AND |ret|≥0.8·σ60 ) AND acc≥0.55"
sz000859,0.027691761031746864,0.019874798133969307,0.5389830508474577,0.5389830508474577,0.5564881169072987,0.4366812227074236,-0.007876623421907425,6.746649537294689,6.800000190734863,0.027109745524817624,-0.29054571940705143,False,"( |ret|≥max(0.0397,0.012) AND |ret|≥0.8·σ60 ) AND acc≥0.55"
sz000528,0.020870869979262352,0.014347000978887081,0.5729349736379613,0.5729349736379613,0.594496568161569,0.503370786516854,0.0005529485642910004,6.4435620307094394,6.440000057220459,0.020324778396956115,0.027205624653578734,False,"( |ret|≥max(0.0287,0.012) AND |ret|≥0.8·σ60 ) AND acc≥0.55"
sz000988,0.02535942941904068,0.02668861299753189,0.488135593220339,0.488135593220339,0.5603183572031483,0.0,0.002979777753353119,21.172997532344038,21.110000610351562,0.020834208633939248,0.14302325446940528,False,"( |ret|≥max(0.0534,0.012) AND |ret|≥0.8·σ60 ) AND acc≥0.55"
sh600622,0.023313695564866066,0.01586458645761013,0.6152542372881356,0.6152542372881356,0.6397167947520823,0.6537842190016103,-0.013930682092905045,4.0827266978514904,4.139999866485596,0.0309055373200494,-0.4507502147961564,False,"( |ret|≥max(0.0317,0.012) AND |ret|≥0.8·σ60 ) AND acc≥0.55"
sz000599,0.020367899909615517,0.01450145710259676,0.5067796610169492,0.5067796610169492,0.5332896715286001,0.6145552560646901,0.0008378364145755768,3.873243671078668,3.869999885559082,0.017316372059649938,0.048384033783123524,False,"( |ret|≥max(0.0290,0.012) AND |ret|≥0.8·σ60 ) AND acc≥0.55"
sh600135,0.024085871875286102,0.01706411875784397,0.4855687606112054,0.4855687606112054,0.5193173838840471,0.6240601503759399,0.0006686374545097351,7.274862600691734,7.269999980926514,0.022161318779388036,0.03017136116547425,False,"( |ret|≥max(0.0341,0.012) AND |ret|≥0.8·σ60 ) AND acc≥0.55"
sz000753,0.018951840698719025,0.012581946328282356,0.5610169491525424,0.5610169491525424,0.5968114687022237,0.6436781609195402,-0.007962699979543686,3.5218446127939727,3.549999952316284,0.027951980227799714,-0.28487059113323404,False,"( |ret|≥max(0.0252,0.012) AND |ret|≥0.8·σ60 ) AND acc≥0.55"
sh600425,0.025590112432837486,0.018082628026604652,0.6135593220338983,0.6135593220338983,0.6177314738948674,0.6402640264026402,0.005533803254365921,4.122751390511197,4.099999904632568,0.022799130790627384,0.24271981585555366,False,"( |ret|≥max(0.0362,0.012) AND |ret|≥0.8·σ60 ) AND acc≥0.55"
sz000970,0.026415975764393806,0.018954584375023842,0.5342465753424658,0.5342465753424658,0.5408342536758264,0.5466893039049237,-0.00045425817370414734,11.964564031388987,11.970000267028809,0.03319916478771768,-0.013682815208774528,False,"( |ret|≥max(0.0379,0.012) AND |ret|≥0.8·σ60 ) AND acc≥0.55"
sh600463,0.02554282918572426,0.01770433597266674,0.5582191780821918,0.5582191780821918,0.5560036106040533,0.6384180790960452,-0.001749470829963684,8.634879926105224,8.649999618530273,0.04586226809396403,-0.03814618249837732,False,"( |ret|≥max(0.0354,0.012) AND |ret|≥0.8·σ60 ) AND acc≥0.55"
sz002007,0.02808600477874279,0.028213372454047203,0.48983050847457626,0.48983050847457626,0.5607050686922666,0.0,0.007211090996861458,22.431171870018073,22.270000457763672,0.02279991418194282,0.31627697264767785,False,"( |ret|≥max(0.0564,0.012) AND |ret|≥0.8·σ60 ) AND acc≥0.55"
sz000800,0.021949797868728638,0.015470106154680252,0.6338514680483592,0.6338514680483592,0.6190236723820818,0.6200378071833649,-0.0015125976642593741,8.257500730300348,8.270000457763672,0.016460556090338696,-0.091892202003136,False,"( |ret|≥max(0.0309,0.012) AND |ret|≥0.8·σ60 ) AND acc≥0.55"
sz002022,0.028182225301861763,0.01974913664162159,0.6322033898305085,0.6322033898305085,0.637847586795683,0.6748466257668712,0.007039502263069153,14.813916447476995,14.710000038146973,0.03525527903820473,0.19967223231217104,False,"( |ret|≥max(0.0395,0.012) AND |ret|≥0.8·σ60 ) AND acc≥0.55"
sz000886,0.0220630019903183,0.014928646385669708,0.576271186440678,0.576271186440678,0.6104934148646096,0.633693972179289,0.0007329881191253662,4.022947673331197,4.019999980926514,0.016156703219466488,0.04536740295929881,False,"( |ret|≥max(0.0299,0.012) AND |ret|≥0.8·σ60 ) AND acc≥0.55"
sh600596,0.033730361610651016,0.024494539946317673,0.520618556701031,0.520618556701031,0.5789107736995277,0.48789571694599626,-0.007299371063709259,27.796361730030775,28.0,0.03024184593549428,-0.24136650473035712,False,"( |ret|≥max(0.0490,0.012) AND |ret|≥0.8·σ60 ) AND acc≥0.55"
sz000667,0.024750737473368645,0.015974011272192,0.4406779661016949,0.4406779661016949,0.4351096089493794,0.5070866141732283,-0.002481570467352867,1.9950430121664415,2.0,0.028925505758092548,-0.08579174484239208,False,"( |ret|≥max(0.0319,0.012) AND |ret|≥0.8·σ60 ) AND acc≥0.55"
sh600976,0.033811211585998535,0.02773040533065796,0.5135593220338983,0.5135593220338983,0.5648719891565993,0.47706422018348627,-0.003478068858385086,58.10754745181171,58.310001373291016,0.04952951764955889,-0.07022212856528345,False,"( |ret|≥max(0.0555,0.012) AND |ret|≥0.8·σ60 ) AND acc≥0.55"
sh600731,0.023939786478877068,0.01631925255060196,0.6016949152542372,0.6016949152542372,0.6023361014426772,0.603290676416819,0.008018615655601025,7.691428107401755,7.630000114440918,0.027715218723665187,0.289321648237172,False,"( |ret|≥max(0.0326,0.012) AND |ret|≥0.8·σ60 ) AND acc≥0.55"
sh600812,0.03564279153943062,0.029053987935185432,0.5283993115318416,0.5283993115318416,0.5412076084007234,0.04332129963898917,0.001529742032289505,7.771880111663861,7.760000228881836,0.0343271977432012,0.04456354398916945,False,"( |ret|≥max(0.0581,0.012) AND |ret|≥0.8·σ60 ) AND acc≥0.55"
sz000933,0.036935288459062576,0.02758481353521347,0.5169491525423728,0.5169491525423728,0.5749616732471435,0.4662813102119461,-0.018981896340847015,14.619836793274008,14.899999618530273,0.04192599838860197,-0.45274752046291733,False,"( |ret|≥max(0.0552,0.012) AND |ret|≥0.8·σ60 ) AND acc≥0.55"
sz000049,0.032372310757637024,0.024859745055437088,0.5,0.5,0.5556216735129018,0.15294117647058825,0.0035280101001262665,36.87988335134743,36.75,0.033962337771903967,0.10388004162200128,False,"( |ret|≥max(0.0497,0.012) AND |ret|≥0.8·σ60 ) AND acc≥0.55"
sh600500,0.02156398445367813,0.015464372001588345,0.5830508474576271,0.5830508474576271,0.6164470430556706,0.6270096463022508,-0.00016731023788452148,7.008827482184971,7.010000228881836,0.021078215320371033,-0.007937586553969733,False,"( |ret|≥max(0.0309,0.012) AND |ret|≥0.8·σ60 ) AND acc≥0.55"
sh600360,0.0311809740960598,0.022789768874645233,0.6472602739726028,0.6472602739726028,0.6834806208008695,0.6355140186915887,0.0008829832077026367,7.306448814913963,7.300000190734863,0.021293612441084575,0.04146702657782555,False,"( |ret|≥max(0.0456,0.012) AND |ret|≥0.8·σ60 ) AND acc≥0.55"
sh600961,0.031274840235710144,0.022422704845666885,0.5457627118644067,0.5457627118644067,0.5561728520960327,0.5287769784172662,-0.0008039787644520402,9.342486200741028,9.350000381469727,0.03045147616864407,-0.026401954899656032,False,"( |ret|≥max(0.0448,0.012) AND |ret|≥0.8·σ60 ) AND acc≥0.55"
sz000543,0.019815854728221893,0.01306221354752779,0.5186440677966102,0.5186440677966102,0.5010118175781434,0.5912762520193862,0.0037702545523643494,4.015109483610931,4.0,0.028724112459031895,0.13125743206747978,False,"( |ret|≥max(0.0261,0.012) AND |ret|≥0.8·σ60 ) AND acc≥0.55"
sz000680,0.02173394151031971,0.015372107736766338,0.5830508474576271,0.5830508474576271,0.6755053003558584,0.6057529610829103,0.0029727360233664513,3.9918491118896893,3.9800000190734863,0.021087424708751207,0.1409719135790745,False,"( |ret|≥max(0.0307,0.012) AND |ret|≥0.8·σ60 ) AND acc≥0.55"
sh600712,0.03198320046067238,0.022517185658216476,0.5,0.5,0.5093265991167212,0.5534591194968553,0.00014612823724746704,4.160607785274124,4.159999847412109,0.028894982544333918,0.005057216644830788,False,"( |ret|≥max(0.0450,0.012) AND |ret|≥0.8·σ60 ) AND acc≥0.55"
sz000060,0.02236437425017357,0.015640540048480034,0.5898305084745763,0.5898305084745763,0.6169577738499354,0.6517857142857143,-0.002832643687725067,4.606931589697045,4.619999885559082,0.02135062785830803,-0.13267255557064397,False,"( |ret|≥max(0.0313,0.012) AND |ret|≥0.8·σ60 ) AND acc≥0.55"
sh600495,0.020716676488518715,0.014213153161108494,0.5288135593220339,0.5288135593220339,0.5693989211776208,0.5937031484257871,0.0027752257883548737,3.850671582253307,3.8399999141693115,0.02049821412258936,0.13538859619046373,False,"( |ret|≥max(0.0284,0.012) AND |ret|≥0.8·σ60 ) AND acc≥0.55"
sz000735,0.01939084380865097,0.013801335357129574,0.6050847457627119,0.6050847457627119,0.6762739785053762,0.6556390977443609,0.004963673651218414,6.482095092728087,6.449999809265137,0.016353093644810746,0.3035309846393295,False,"( |ret|≥max(0.0276,0.012) AND |ret|≥0.8·σ60 ) AND acc≥0.55"
sh600616,0.030633406713604927,0.02094184421002865,0.6067796610169491,0.6067796610169491,0.6385916612915191,0.6132404181184669,0.0015698522329330444,6.009426510576017,6.0,0.02183451215846979,0.07189771415831446,False,"( |ret|≥max(0.0419,0.012) AND |ret|≥0.8·σ60 ) AND acc≥0.55"
sz000910,0.02593354694545269,0.01880728453397751,0.6322033898305085,0.6322033898305085,0.6279419943809453,0.6395939086294417,0.013299018144607544,10.701376051671394,10.5600004196167,0.024360748180305026,0.5459197142459802,False,"( |ret|≥max(0.0376,0.012) AND |ret|≥0.8·σ60 ) AND acc≥0.55"
sh600391,0.033513393253088,0.02443278767168522,0.5084745762711864,0.5084745762711864,0.5192431706861698,0.5380875202593193,0.006244488060474396,21.352921930630604,21.219999313354492,0.03158569100189799,0.1976998408266818,False,"( |ret|≥max(0.0489,0.012) AND |ret|≥0.8·σ60 ) AND acc≥0.55"
sh600307,0.025461630895733833,0.01763034798204899,0.4491525423728814,0.4491525423728814,0.46774693739662,0.5553997194950911,-0.0021037980914115906,2.115544522081914,2.119999885559082,0.022577012649090806,-0.09318315014829079,False,"( |ret|≥max(0.0353,0.012) AND |ret|≥0.8·σ60 ) AND acc≥0.55"
sh600787,0.022433990612626076,0.015358992852270603,0.47627118644067795,0.47627118644067795,0.5004935581906118,0.6262135922330098,0.0024008601903915405,5.362859937815817,5.349999904632568,0.021914806642516833,0.10955419931434164,False,"( |ret|≥max(0.0307,0.012) AND |ret|≥0.8·σ60 ) AND acc≥0.55"
sh600201,0.022880524396896362,0.01696893200278282,0.5152542372881356,0.5152542372881356,0.5103898168275262,0.38961038961038963,0.0060593485832214355,11.650380193794085,11.579999923706055,0.025143652227655106,0.24098910207904622,False,"( |ret|≥max(0.0339,0.012) AND |ret|≥0.8·σ60 ) AND acc≥0.55"
sz000848,0.029047666117548943,0.01975313201546669,0.535593220338983,0.535593220338983,0.5554104998051266,0.5518394648829431,0.003082960844039917,8.225319096729923,8.199999809265137,0.030539422640628113,0.10095016761832379,False,"( |ret|≥max(0.0395,0.012) AND |ret|≥0.8·σ60 ) AND acc≥0.55"
sh600713,0.017566826194524765,0.011834818869829178,0.5644067796610169,0.5644067796610169,0.5992236956887391,0.5996649916247906,-0.008257856592535973,5.454768802148003,5.5,0.02858334703296256,-0.2889043642778889,False,"( |ret|≥max(0.0237,0.012) AND |ret|≥0.8·σ60 ) AND acc≥0.55"
sz000957,0.026136837899684906,0.01876290887594223,0.488135593220339,0.488135593220339,0.5384980731523423,0.6385542168674698,-0.00046419352293014526,4.977688871771744,4.980000019073486,0.019877586970883602,-0.02335259758058727,False,"( |ret|≥max(0.0375,0.012) AND |ret|≥0.8·σ60 ) AND acc≥0.55"
sh600027,0.022575467824935913,0.015204625204205513,0.629881154499151,0.629881154499151,0.620747309490725,0.6644182124789207,0.008719708770513535,3.6315281140108056,3.5999999046325684,0.032616067091387715,0.26734388522818325,False,"( |ret|≥max(0.0304,0.012) AND |ret|≥0.8·σ60 ) AND acc≥0.55"
sz000078,0.025133291259407997,0.015859128907322884,0.5949152542372881,0.5949152542372881,0.5958289792294262,0.6312292358803987,0.00010779872536659241,3.730402129994293,3.7300000190734863,0.030675440779483466,0.0035141692339429606,False,"( |ret|≥max(0.0317,0.012) AND |ret|≥0.8·σ60 ) AND acc≥0.55"
sh600336,0.031727951020002365,0.022734615951776505,0.6016949152542372,0.6016949152542372,0.6568388332527395,0.5609284332688588,0.0033214539289474487,5.929662275473429,5.909999847412109,0.025137491329258965,0.13213142728236954,False,"( |ret|≥max(0.0455,0.012) AND |ret|≥0.8·σ60 ) AND acc≥0.55"
sz000937,0.029025712981820107,0.019825346767902374,0.5135593220338983,0.5135593220338983,0.5554143477398688,0.574468085106383,-0.010050080716609955,7.118101872738408,7.190000057220459,0.03652457678508927,-0.2751593269417296,False,"( |ret|≥max(0.0397,0.012) AND |ret|≥0.8·σ60 ) AND acc≥0.55"
sh600980,0.027196833863854408,0.01963622123003006,0.646551724137931,0.646551724137931,0.6877978669521515,0.6598984771573604,0.005041848868131638,16.010519772106765,15.930000305175781,0.022349012292741707,0.2255959478714681,False,"( |ret|≥max(0.0393,0.012) AND |ret|≥0.8·σ60 ) AND acc≥0.55"
sh600352,0.02040298841893673,0.0152475256472826,0.5542372881355933,0.5542372881355933,0.6321808327841543,0.324468085106383,-0.00510488823056221,10.864396741582526,10.920000076293945,0.01672345890321652,-0.30525295081455006,False,"( |ret|≥max(0.0305,0.012) AND |ret|≥0.8·σ60 ) AND acc≥0.55"
sh600218,0.029425885528326035,0.021049752831459045,0.6338983050847458,0.6338983050847458,0.668729591327363,0.6200716845878136,-0.003103826195001602,10.387708346987042,10.420000076293945,0.03434762841543733,-0.09036505384913471,False,"( |ret|≥max(0.0421,0.012) AND |ret|≥0.8·σ60 ) AND acc≥0.55"
sh600108,0.025841346010565758,0.01832425780594349,0.4728813559322034,0.4728813559322034,0.4752431425838448,0.5862068965517241,0.004882048815488815,3.838694957269964,3.819999933242798,0.02793685326469721,0.17475293375753037,False,"( |ret|≥max(0.0366,0.012) AND |ret|≥0.8·σ60 ) AND acc≥0.55"
sz000551,0.028575198724865913,0.019328176975250244,0.6661016949152543,0.6661016949152543,0.7411338174805848,0.6791808873720137,0.002990633249282837,8.94671645463805,8.920000076293945,0.024499096132299964,0.12207111692699449,False,"( |ret|≥max(0.0387,0.012) AND |ret|≥0.8·σ60 ) AND acc≥0.55"
sz002017,0.029655633494257927,0.021875279024243355,0.5694915254237288,0.5694915254237288,0.5560794264907336,0.42105263157894735,-0.009071502834558487,12.971791156359888,13.09000015258789,0.04064206202217618,-0.22320473300693575,False,"( |ret|≥max(0.0438,0.012) AND |ret|≥0.8·σ60 ) AND acc≥0.55"
sz002024,0.020503338426351547,0.013390310108661652,0.5156794425087108,0.5156794425087108,0.46864375928450613,0.552901023890785,0.0004640743136405945,3.471610740207872,3.4700000286102295,0.023306329596517045,0.019911934764305365,False,"( |ret|≥max(0.0268,0.012) AND |ret|≥0.8·σ60 ) AND acc≥0.55"
sh600190,0.022044440731406212,0.013069696724414825,0.4745762711864407,0.4745762711864407,0.4857688922932287,0.6157697121401752,-0.00686722993850708,3.724336108509139,3.75,0.04694156760356499,-0.1462931219845825,False,"( |ret|≥max(0.0261,0.012) AND |ret|≥0.8·σ60 ) AND acc≥0.55"
sh600513,0.029015930369496346,0.019258448854088783,0.5186440677966102,0.5186440677966102,0.5606014492084082,0.6248331108144193,0.0018798336386680603,9.53791330617682,9.520000457763672,0.022130256448962476,0.08494401289760303,False,"( |ret|≥max(0.0385,0.012) AND |ret|≥0.8·σ60 ) AND acc≥0.55"
sh600361,0.028297869488596916,0.018465427681803703,0.4844827586206897,0.4844827586206897,0.5276674144853496,0.5257731958762887,0.0031715109944343567,5.377026418120881,5.360000133514404,0.0305803089296937,0.10371085408644308,False,"( |ret|≥max(0.0369,0.012) AND |ret|≥0.8·σ60 ) AND acc≥0.55"
sh600020,0.0131032420322299,0.01010197214782238,0.4101694915254237,0.4101694915254237,0.4426533635307268,0.5817307692307693,0.0027661658823490143,3.2289194133921204,3.2200000286102295,0.013996030338502788,0.1976391761846638,False,"( |ret|≥max(0.0202,0.012) AND |ret|≥0.8·σ60 ) AND acc≥0.55"
sz000598,0.01442217268049717,0.009833993390202522,0.5949152542372881,0.5949152542372881,0.6395958897676508,0.603112840466926,-0.0027406509034335613,4.936452160983016,4.949999809265137,0.01832751170175281,-0.14953745236441054,False,"( |ret|≥max(0.0197,0.012) AND |ret|≥0.8·σ60 ) AND acc≥0.55"
sh600066,0.021960215643048286,0.015536866150796413,0.5779661016949152,0.5779661016949152,0.6249266948892114,0.6270928462709284,-0.0010902881622314453,8.550672638399233,8.5600004196167,0.015621080861190946,-0.06979590426300883,False,"( |ret|≥max(0.0311,0.012) AND |ret|≥0.8·σ60 ) AND acc≥0.55"
sh600693,0.014287845231592655,0.009479603730142117,0.5576271186440678,0.5576271186440678,0.5121906737728388,0.5919439579684763,-0.0005758209154009819,3.867772100146651,3.869999885559082,0.013636125528496136,-0.042227573508466475,False,"( |ret|≥max(0.0190,0.012) AND |ret|≥0.8·σ60 ) AND acc≥0.55"
sh600612,0.018977748230099678,0.01452144980430603,0.5440677966101695,0.5440677966101695,0.6372206569522332,0.289544235924933,-0.0008328333497047424,42.96420307446849,43.0,0.017332460024516154,-0.04805047108269794,False,"( |ret|≥max(0.0290,0.012) AND |ret|≥0.8·σ60 ) AND acc≥0.55"
sh600489,0.021183596923947334,0.01487926859408617,0.6027164685908319,0.6027164685908319,0.6146869533353998,0.6068965517241379,-0.0014954619109630585,8.047956004213738,8.0600004196167,0.02242657800809624,-0.06668254263302026,False,"( |ret|≥max(0.0298,0.012) AND |ret|≥0.8·σ60 ) AND acc≥0.55"
sz000789,0.023452742025256157,0.018015949055552483,0.5508474576271186,0.5508474576271186,0.6063827938952506,0.22085889570552147,-0.0014134198427200317,12.162797011662313,12.180000305175781,0.024109728183937945,-0.058624437641619044,False,"( |ret|≥max(0.0360,0.012) AND |ret|≥0.8·σ60 ) AND acc≥0.55"
sh600884,0.03598868474364281,0.027157656848430634,0.5169491525423728,0.5169491525423728,0.5461359714650428,0.36771300448430494,-0.0079679936170578,26.527782220453773,26.739999771118164,0.029426499462559222,-0.27077603706942766,False,"( |ret|≥max(0.0543,0.012) AND |ret|≥0.8·σ60 ) AND acc≥0.55"
sh600529,0.029509752988815308,0.025264032185077667,0.488135593220339,0.488135593220339,0.5640610228115196,0.6438679245283019,0.011122621595859528,27.18064410041773,26.8799991607666,0.027148768618540764,0.40969141750868804,False,"( |ret|≥max(0.0505,0.012) AND |ret|≥0.8·σ60 ) AND acc≥0.55"
sz000949,0.031802948564291,0.02227511629462242,0.5677966101694916,0.5677966101694916,0.6007884064826056,0.530214424951267,0.0009769517928361893,4.874759965484101,4.869999885559082,0.025411124562579487,0.038445815570740054,False,"( |ret|≥max(0.0446,0.012) AND |ret|≥0.8·σ60 ) AND acc≥0.55"
sh600082,0.020377477630972862,0.013969846069812775,0.47966101694915253,0.47966101694915253,0.5722025132013187,0.6409356725146199,-0.005750618875026703,4.722762950349393,4.75,0.02921459125862058,-0.19684057379800185,False,"( |ret|≥max(0.0279,0.012) AND |ret|≥0.8·σ60 ) AND acc≥0.55"
sh600509,0.032089922577142715,0.02304309979081154,0.5864406779661017,0.5864406779661017,0.6001069029244611,0.6291079812206573,-0.003647022880613804,5.260778999634927,5.28000020980835,0.031275843025442486,-0.11660826253554138,False,"( |ret|≥max(0.0461,0.012) AND |ret|≥0.8·σ60 ) AND acc≥0.55"
sh600351,0.027734246104955673,0.01804891601204872,0.6084745762711864,0.6084745762711864,0.6661805669001438,0.6496815286624203,0.001912921667098999,8.225720155990166,8.210000038146973,0.044071139695110055,0.043405304384678864,False,"( |ret|≥max(0.0361,0.012) AND |ret|≥0.8·σ60 ) AND acc≥0.55"
sh600720,0.02550329826772213,0.02388528175652027,0.5338983050847458,0.5338983050847458,0.6017969015635627,0.18518518518518517,-0.0006875172257423401,10.252948726280872,10.260000228881836,0.020375410664533678,-0.033742480072524915,False,"( |ret|≥max(0.0478,0.012) AND |ret|≥0.8·σ60 ) AND acc≥0.55"
sz002008,0.02576361410319805,0.019656861200928688,0.6677966101694915,0.6677966101694915,0.6523270110351423,0.6830065359477124,0.0039034411311149597,38.79112311196158,38.63999938964844,0.026810683238291076,0.1455926967804047,False,"( |ret|≥max(0.0393,0.012) AND |ret|≥0.8·σ60 ) AND acc≥0.55"
sz000488,0.02462451346218586,0.017099129036068916,0.6271186440677966,0.6271186440677966,0.6406247456863543,0.6211849192100538,-0.012287897989153862,6.460128838572383,6.539999961853027,0.018046847914821713,-0.6808884985492087,False,"( |ret|≥max(0.0342,0.012) AND |ret|≥0.8·σ60 ) AND acc≥0.55"
sz000705,0.022558866068720818,0.015003782697021961,0.49830508474576274,0.49830508474576274,0.5077769137339463,0.48717948717948717,0.003675684332847595,10.43829707575284,10.399999618530273,0.045613066520412957,0.0805840038262413,False,"( |ret|≥max(0.0300,0.012) AND |ret|≥0.8·σ60 ) AND acc≥0.55"
sh600008,0.01638338528573513,0.011427925899624825,0.511986301369863,0.511986301369863,0.5114836245098722,0.6177715091678421,-0.00036336854100227356,3.108870024263617,3.109999895095825,0.01946657612694249,-0.018666269403003217,False,"( |ret|≥max(0.0229,0.012) AND |ret|≥0.8·σ60 ) AND acc≥0.55"
sh600726,0.030551377683877945,0.021231381222605705,0.5459183673469388,0.5459183673469388,0.5664180945167742,0.5874363327674024,0.0024641714990139008,2.4660693750008384,2.4600000381469727,0.030933515218570462,0.07966022241572951,False,"( |ret|≥max(0.0425,0.012) AND |ret|≥0.8·σ60 ) AND acc≥0.55"
sz000777,0.02620520070195198,0.01844698190689087,0.5213675213675214,0.5213675213675214,0.5250492724311259,0.5602605863192183,0.007376750465482473,12.129144431185447,12.039999961853027,0.034208712366590656,0.2156394613757001,False,"( |ret|≥max(0.0369,0.012) AND |ret|≥0.8·σ60 ) AND acc≥0.55"
sz000404,0.01943109929561615,0.014070344157516956,0.5338983050847458,0.5338983050847458,0.6051398628333209,0.6113671274961597,0.0024025365710258484,4.781473858010027,4.769999980926514,0.025282030031989883,0.0950293792742148,False,"( |ret|≥max(0.0281,0.012) AND |ret|≥0.8·σ60 ) AND acc≥0.55"
sz000860,0.02929849922657013,0.023253673687577248,0.5694915254237288,0.5694915254237288,0.5330187248073234,0.39903846153846156,0.0014544948935508728,23.62433665242714,23.59000015258789,0.032962836881750904,0.044125281374167935,False,"( |ret|≥max(0.0465,0.012) AND |ret|≥0.8·σ60 ) AND acc≥0.55"
sh600350,0.019726358354091644,0.013610356487333775,0.511864406779661,0.511864406779661,0.5214814672789843,0.3944954128440367,0.00046229735016822815,5.132372248173509,5.130000114440918,0.014439245610405067,0.032016702428558176,False,"( |ret|≥max(0.0272,0.012) AND |ret|≥0.8·σ60 ) AND acc≥0.55"
sh600116,0.02511361800134182,0.01730995997786522,0.5357142857142857,0.5357142857142857,0.5086006739340228,0.5152057245080501,-0.0013927668333053589,11.354175149465647,11.369999885559082,0.03242589125346783,-0.042952293674687225,False,"( |ret|≥max(0.0346,0.012) AND |ret|≥0.8·σ60 ) AND acc≥0.55"
sz000936,0.030442804098129272,0.021566197276115417,0.5457627118644067,0.5457627118644067,0.5768562610612429,0.6302521008403361,0.00503481924533844,5.567963196124254,5.539999961853027,0.01900740421391528,0.264887121871236,False,"( |ret|≥max(0.0431,0.012) AND |ret|≥0.8·σ60 ) AND acc≥0.55"
sh600805,0.023724669590592384,0.016359828412532806,0.523728813559322,0.523728813559322,0.5476831653623986,0.6135693215339233,0.0010228268802165985,3.944032056854327,3.940000057220459,0.02314334863617198,0.04419526553151055,False,"( |ret|≥max(0.0327,0.012) AND |ret|≥0.8·σ60 ) AND acc≥0.55"
sh600325,0.016919706016778946,0.011819922365248203,0.6491525423728813,0.6491525423728813,0.6524201385607903,0.6666666666666666,-0.03417235612869263,6.803490631409231,7.039999961853027,0.021186718484235523,-1.612913298724688,True,"( |ret|≥max(0.0236,0.012) AND |ret|≥0.8·σ60 ) AND acc≥0.55"
sh600166,0.028960660099983215,0.020552529022097588,0.5491525423728814,0.5491525423728814,0.5472325997256844,0.5433962264150943,-0.004627649672329426,2.6079034545568773,2.619999885559082,0.0201124958470407,-0.23008817039127552,False,"( |ret|≥max(0.0411,0.012) AND |ret|≥0.8·σ60 ) AND acc≥0.55"
sh600333,0.02907063439488411,0.02038116753101349,0.5338983050847458,0.5338983050847458,0.6169696250065044,0.6169014084507042,0.0031974967569112778,4.955820971564318,4.940000057220459,0.0267312984876946,0.11961617061817989,False,"( |ret|≥max(0.0408,0.012) AND |ret|≥0.8·σ60 ) AND acc≥0.55"
sh600658,0.026730749756097794,0.01869063265621662,0.48135593220338985,0.48135593220338985,0.5261694069681531,0.6094750320102432,0.000556647777557373,4.7526448129897405,4.75,0.02792233391473153,0.019935567703673027,False,"( |ret|≥max(0.0374,0.012) AND |ret|≥0.8·σ60 ) AND acc≥0.55"
sh600285,0.026114478707313538,0.018900984898209572,0.49491525423728816,0.49491525423728816,0.5726220180464635,0.5314009661835749,-0.010475903749465942,13.656187317126008,13.800000190734863,0.039227212785886686,-0.2670569825104978,False,"( |ret|≥max(0.0378,0.012) AND |ret|≥0.8·σ60 ) AND acc≥0.55"
sh600496,0.02641236037015915,0.01899757795035839,0.5891341256366723,0.5891341256366723,0.5570346494172957,0.613013698630137,-0.0010014139115810394,4.505486112538094,4.510000228881836,0.028617700780901124,-0.03499280285722094,False,"( |ret|≥max(0.0380,0.012) AND |ret|≥0.8·σ60 ) AND acc≥0.55"
sz000819,0.027039509266614914,0.01773187704384327,0.559322033898305,0.559322033898305,0.5770037371139961,0.5733788395904437,0.0025463104248046875,12.692277213658961,12.65999984741211,0.04437121488246129,0.057386525423849026,False,"( |ret|≥max(0.0355,0.012) AND |ret|≥0.8·σ60 ) AND acc≥0.55"
sz000726,0.014220689423382282,0.009967559948563576,0.5779661016949152,0.5779661016949152,0.5971097028734071,0.6581560283687943,0.0013033635914325714,6.3682949305239065,6.360000133514404,0.02118793580804979,0.06151439140161447,False,"( |ret|≥max(0.0199,0.012) AND |ret|≥0.8·σ60 ) AND acc≥0.55"
sz000525,0.03279934823513031,0.026033012196421623,0.4940577249575552,0.4940577249575552,0.5423652828503431,0.6137841352405722,-0.00263320654630661,8.008882899800778,8.029999732971191,0.03714240998531398,-0.070894856806524,False,"( |ret|≥max(0.0521,0.012) AND |ret|≥0.8·σ60 ) AND acc≥0.55"
sh600422,0.022002095356583595,0.015494285151362419,0.5033898305084745,0.5033898305084745,0.4998947818096885,0.5306799336650083,-0.0025204867124557495,11.939868030310942,11.970000267028809,0.03852098690271003,-0.06543150268985971,False,"( |ret|≥max(0.0310,0.012) AND |ret|≥0.8·σ60 ) AND acc≥0.55"
sh600498,0.021647412329912186,0.014965075068175793,0.6322033898305085,0.6322033898305085,0.6404385751965797,0.6537216828478964,-0.002927646739408374,15.255272700156523,15.300000190734863,0.022299801710587205,-0.1312857156555463,False,"( |ret|≥max(0.0299,0.012) AND |ret|≥0.8·σ60 ) AND acc≥0.55"
sz000026,0.030603624880313873,0.02211548201739788,0.5627118644067797,0.5627118644067797,0.5438208575942769,0.45714285714285713,0.004355691373348236,9.631862336715805,9.59000015258789,0.022640096426217216,0.1923882905561058,False,"( |ret|≥max(0.0442,0.012) AND |ret|≥0.8·σ60 ) AND acc≥0.55"
sh600079,0.030607283115386963,0.02449493110179901,0.5103448275862069,0.5103448275862069,0.528874684923871,0.2805194805194805,0.0037692654877901077,16.71287631249775,16.649999618530273,0.024527663842060458,0.15367398930943502,False,"( |ret|≥max(0.0490,0.012) AND |ret|≥0.8·σ60 ) AND acc≥0.55"
sh600015,0.009878930635750294,0.007627905812114477,0.4067796610169492,0.4067796610169492,0.48540533036452477,0.5783132530120482,-0.0025405138731002808,5.406247967016701,5.420000076293945,0.010464465641228216,-0.24277507638233659,False,"( |ret|≥max(0.0153,0.012) AND |ret|≥0.8·σ60 ) AND acc≥0.55"
sh600635,0.017626928165555,0.012709415517747402,0.47627118644067795,0.47627118644067795,0.4795700712068881,0.573049645390071,0.002883337438106537,3.520135109305673,3.509999990463257,0.014756580836565853,0.19539319549077813,False,"( |ret|≥max(0.0254,0.012) AND |ret|≥0.8·σ60 ) AND acc≥0.55"
sz000039,0.022441957145929337,0.015619143843650818,0.629059829059829,0.629059829059829,0.664723814754206,0.6390328151986183,-0.0012504979968070984,14.192241567344867,14.210000038146973,0.018892514033194002,-0.0661900969192885,False,"( |ret|≥max(0.0312,0.012) AND |ret|≥0.8·σ60 ) AND acc≥0.55"
sh600887,0.020592641085386276,0.01634853333234787,0.535593220338983,0.535593220338983,0.7184666491521999,0.24649859943977592,-0.0025030323304235935,35.939927300425104,36.029998779296875,0.018617464550178923,-0.1344453203723884,False,"( |ret|≥max(0.0327,0.012) AND |ret|≥0.8·σ60 ) AND acc≥0.55"
sz000797,0.022545574232935905,0.016396552324295044,0.47627118644067795,0.47627118644067795,0.5256510273654864,0.5888738127544098,-0.004452560096979141,3.0762720885160113,3.0899999141693115,0.030261310608106134,-0.14713700550750017,False,"( |ret|≥max(0.0328,0.012) AND |ret|≥0.8·σ60 ) AND acc≥0.55"
sh600085,0.02434150129556656,0.01699976995587349,0.5440677966101695,0.5440677966101695,0.5684986029651757,0.5445205479452054,-0.009389124810695648,43.03404382026258,43.439998626708984,0.038939945962954574,-0.24111801306678332,False,"( |ret|≥max(0.0340,0.012) AND |ret|≥0.8·σ60 ) AND acc≥0.55"
sz000419,0.019951729103922844,0.01296630036085844,0.4966101694915254,0.4966101694915254,0.5742666023949059,0.4340425531914894,0.005186537280678749,5.106415977403524,5.079999923706055,0.04133544782868869,0.1254742913982933,False,"( |ret|≥max(0.0259,0.012) AND |ret|≥0.8·σ60 ) AND acc≥0.55"
sz000919,0.021924380213022232,0.014953088015317917,0.6016949152542372,0.6016949152542372,0.6057388027036279,0.6422893481717011,0.005627293139696121,8.045145248759551,8.0,0.02892191908741433,0.19456838866757661,False,"( |ret|≥max(0.0299,0.012) AND |ret|≥0.8·σ60 ) AND acc≥0.55"
sz000951,0.029779352247714996,0.024221252650022507,0.49830508474576274,0.49830508474576274,0.6141523699316578,0.006756756756756757,0.0009208265691995621,12.28130420378538,12.270000457763672,0.023477921015769756,0.03922094193824223,False,"( |ret|≥max(0.0484,0.012) AND |ret|≥0.8·σ60 ) AND acc≥0.55"
sh600993,0.02733130380511284,0.019903937354683876,0.5220338983050847,0.5220338983050847,0.5725339807090053,0.4990892531876138,0.0032109320163726807,22.752941285883182,22.68000030517578,0.028221550636099962,0.11377584881912507,False,"( |ret|≥max(0.0398,0.012) AND |ret|≥0.8·σ60 ) AND acc≥0.55"
sh600761,0.02368570864200592,0.01720491237938404,0.5457627118644067,0.5457627118644067,0.572154496319937,0.40825688073394495,-0.0008211284875869751,10.33151316882988,10.34000015258789,0.023534490116292144,-0.03489041549765212,False,"( |ret|≥max(0.0344,0.012) AND |ret|≥0.8·σ60 ) AND acc≥0.55"
sh600992,0.027733907103538513,0.018577704206109047,0.5406779661016949,0.5406779661016949,0.6643224711699272,0.6564102564102564,0.009804382920265198,14.844833076544884,14.699999809265137,0.056572137347406536,0.17330759711235647,False,"( |ret|≥max(0.0372,0.012) AND |ret|≥0.8·σ60 ) AND acc≥0.55"
sh600684,0.026117322966456413,0.017744773998856544,0.5711864406779661,0.5711864406779661,0.6205872297999397,0.646551724137931,-0.028143197298049927,4.472345920843788,4.599999904632568,0.040301481313860014,-0.6983165232987606,False,"( |ret|≥max(0.0355,0.012) AND |ret|≥0.8·σ60 ) AND acc≥0.55"
sh600033,0.010567639954388142,0.007198577746748924,0.47627118644067795,0.47627118644067795,0.5294615817128676,0.585635359116022,0.0008619977161288261,2.8724748854746096,2.869999885559082,0.017351268073795032,0.04967920590418455,False,"( |ret|≥max(0.0144,0.012) AND |ret|≥0.8·σ60 ) AND acc≥0.55"
sz000823,0.024117309600114822,0.017062770202755928,0.6644067796610169,0.6644067796610169,0.6587060410220267,0.6534296028880866,-0.0041300952434539795,10.984538727302002,11.029999732971191,0.027325514016493583,-0.1511442284130057,False,"( |ret|≥max(0.0341,0.012) AND |ret|≥0.8·σ60 ) AND acc≥0.55"
sh600276,0.021361488848924637,0.018471509218215942,0.535593220338983,0.535593220338983,0.5829788116833066,0.14511041009463724,0.0031286627054214478,36.01249640928735,35.900001525878906,0.018606099330391646,0.16815244121515605,False,"( |ret|≥max(0.0369,0.012) AND |ret|≥0.8·σ60 ) AND acc≥0.55"
sh600111,0.035613201558589935,0.027227049693465233,0.5288135593220339,0.5288135593220339,0.5617208433258516,0.46511627906976744,0.00018882006406784058,39.48745486211413,39.47999954223633,0.030833779754001443,0.0061238033201331185,False,"( |ret|≥max(0.0545,0.012) AND |ret|≥0.8·σ60 ) AND acc≥0.55"
sz000915,0.025994528084993362,0.01867138408124447,0.6271186440677966,0.6271186440677966,0.6611339767305765,0.6448445171849427,-0.016818605363368988,33.43294928526817,34.0,0.03423910067176021,-0.49121034493575977,False,"( |ret|≥max(0.0373,0.012) AND |ret|≥0.8·σ60 ) AND acc≥0.55"
sz000548,0.01820221170783043,0.012408748269081116,0.47796610169491527,0.47796610169491527,0.647477771084785,0.6401869158878505,-0.002828795462846756,4.716638723576156,4.730000019073486,0.02361180756322221,-0.11980422325695461,False,"( |ret|≥max(0.0248,0.012) AND |ret|≥0.8·σ60 ) AND acc≥0.55"
sh600261,0.018685339018702507,0.013134539127349854,0.5203389830508475,0.5203389830508475,0.5718892892046301,0.5067698259187621,0.0030877068638801575,3.821782286605191,3.809999942779541,0.016830490530808595,0.18345900398078138,False,"( |ret|≥max(0.0263,0.012) AND |ret|≥0.8·σ60 ) AND acc≥0.55"
sz002028,0.032290980219841,0.024800624698400497,0.5016949152542373,0.5016949152542373,0.5793159705539493,0.19607843137254902,0.002459142357110977,36.52972004447942,36.439998626708984,0.027693153380375667,0.08879961900104234,False,"( |ret|≥max(0.0496,0.012) AND |ret|≥0.8·σ60 ) AND acc≥0.55"
sh600028,0.01278318464756012,0.009174804203212261,0.5203389830508475,0.5203389830508475,0.5749949628372933,0.6177715091678421,-0.0006152056157588959,4.287361541453628,4.289999961853027,0.013571393344433767,-0.045331024371272476,False,"( |ret|≥max(0.0183,0.012) AND |ret|≥0.8·σ60 ) AND acc≥0.55"
sz000702,0.022912224754691124,0.01621488854289055,0.5694915254237288,0.5694915254237288,0.6085599013809992,0.592964824120603,0.0006889179348945618,5.573838766763687,5.570000171661377,0.03028096456872007,0.02275085081330925,False,"( |ret|≥max(0.0324,0.012) AND |ret|≥0.8·σ60 ) AND acc≥0.55"
sz000573,0.026125799864530563,0.017094826325774193,0.5898305084745763,0.5898305084745763,0.6054660279964627,0.6578171091445427,-0.029586799442768097,4.34939280909443,4.480000019073486,0.04308771231496785,-0.6866642712392854,False,"( |ret|≥max(0.0342,0.012) AND |ret|≥0.8·σ60 ) AND acc≥0.55"
sh600456,0.03205569460988045,0.026427801698446274,0.4915254237288136,0.4915254237288136,0.5785913896279782,0.006688963210702341,-0.010332617908716202,48.84270912291262,49.349998474121094,0.032532952013863976,-0.31760458529146346,False,"( |ret|≥max(0.0529,0.012) AND |ret|≥0.8·σ60 ) AND acc≥0.55"
sh600742,0.02360280230641365,0.01642943173646927,0.6474576271186441,0.6474576271186441,0.6975821241657142,0.6488413547237076,0.0018424950540065765,9.818073287298208,9.800000190734863,0.022472508078419055,0.08198881173783425,False,"( |ret|≥max(0.0329,0.012) AND |ret|≥0.8·σ60 ) AND acc≥0.55"
sh600125,0.017906062304973602,0.012319608591496944,0.5627118644067797,0.5627118644067797,0.6496207130640195,0.6246246246246246,-0.0009923111647367477,5.005031215530837,5.010000228881836,0.03017664711434726,-0.032883402590837704,False,"( |ret|≥max(0.0246,0.012) AND |ret|≥0.8·σ60 ) AND acc≥0.55"
sh600624,0.018996035680174828,0.013724569231271744,0.5406779661016949,0.5406779661016949,0.5632340353240326,0.49411764705882355,0.005552561953663826,6.646804653899482,6.610000133514404,0.015109513229392973,0.3674875685595608,False,"( |ret|≥max(0.0274,0.012) AND |ret|≥0.8·σ60 ) AND acc≥0.55"
sh600031,0.033321771770715714,0.04289489984512329,0.48135593220338985,0.48135593220338985,0.5619799515788844,0.0,-0.022596556693315506,16.85480358275035,17.239999771118164,0.0226702621614346,-0.9967483642192662,False,"( |ret|≥max(0.0858,0.012) AND |ret|≥0.8·σ60 ) AND acc≥0.55"
sh600668,0.02798665314912796,0.01795601285994053,0.535593220338983,0.535593220338983,0.5590063821838601,0.5691823899371069,-0.009822413325309753,20.89376199405171,21.100000381469727,0.061927313010809,-0.158611947808487,False,"( |ret|≥max(0.0359,0.012) AND |ret|≥0.8·σ60 ) AND acc≥0.55"
sz002038,0.02080357074737549,0.018971668556332588,0.48135593220338985,0.48135593220338985,0.545659673883387,0.6498855835240275,0.004205076023936272,10.614540931122397,10.569999694824219,0.022205182953527035,0.18937354125843542,False,"( |ret|≥max(0.0379,0.012) AND |ret|≥0.8·σ60 ) AND acc≥0.55"
sh600527,0.028881728649139404,0.01918751560151577,0.47796610169491527,0.47796610169491527,0.4605544662391975,0.4750499001996008,0.001461625099182129,2.313378765359433,2.309999942779541,0.01671306379656775,0.08745399661205905,False,"( |ret|≥max(0.0384,0.012) AND |ret|≥0.8·σ60 ) AND acc≥0.55"
sh600583,0.021833207458257675,0.015278379432857037,0.4559322033898305,0.4559322033898305,0.504752031506823,0.6068796068796068,0.0005404427647590637,4.282313930115293,4.28000020980835,0.02017642728147002,0.02678583722287803,False,"( |ret|≥max(0.0306,0.012) AND |ret|≥0.8·σ60 ) AND acc≥0.55"
sh600642,0.018041662871837616,0.011566183529794216,0.5322033898305085,0.5322033898305085,0.544268233003375,0.5633802816901409,0.005623992532491684,5.973500688535384,5.940000057220459,0.02273214173294866,0.24740255997588212,False,"( |ret|≥max(0.0231,0.012) AND |ret|≥0.8·σ60 ) AND acc≥0.55"
sh600004,0.024275025352835655,0.018117662519216537,0.5440677966101695,0.5440677966101695,0.536181098464649,0.5055350553505535,-0.007362738251686096,12.110504274392953,12.199999809265137,0.034332424972995726,-0.21445429831811458,False,"( |ret|≥max(0.0362,0.012) AND |ret|≥0.8·σ60 ) AND acc≥0.55"
sh600016,0.00892760418355465,0.005888020619750023,0.5067796610169492,0.5067796610169492,0.5286208019821522,0.5754716981132075,-0.0014985613524913788,3.8642047965291604,3.869999885559082,0.00998295074182865,-0.15011191481625286,False,"( |ret|≥max(0.0118,0.012) AND |ret|≥0.8·σ60 ) AND acc≥0.55"
sz000581,0.019196629524230957,0.013523404486477375,0.6457627118644068,0.6457627118644068,0.7338704523782676,0.6878787878787879,0.0008831396698951721,19.757440648231427,19.739999771118164,0.01827871610500069,0.04831516511719944,False,"( |ret|≥max(0.0270,0.012) AND |ret|≥0.8·σ60 ) AND acc≥0.55"
sz000550,0.029255172237753868,0.020736198872327805,0.6338983050847458,0.6338983050847458,0.655491263966755,0.6216696269982238,-0.009080196730792522,14.220289346996001,14.350000381469727,0.027620077141962046,-0.32875337011509126,False,"( |ret|≥max(0.0415,0.012) AND |ret|≥0.8·σ60 ) AND acc≥0.55"
sh600059,0.028390811756253242,0.019378114491701126,0.5542372881355933,0.5542372881355933,0.6376926199538391,0.5145067698259188,-0.0007469430565834045,9.512892214580008,9.520000457763672,0.022854591494191123,-0.03268239250521399,False,"( |ret|≥max(0.0388,0.012) AND |ret|≥0.8·σ60 ) AND acc≥0.55"
sh600836,0.026655199006199837,0.018749041482806206,0.5595238095238095,0.5595238095238095,0.6136861635160302,0.6304675716440422,0.003097139298915863,6.570317900881694,6.550000190734863,0.026425807975501897,0.11720126513347937,False,"( |ret|≥max(0.0375,0.012) AND |ret|≥0.8·σ60 ) AND acc≥0.55"
sh600969,0.019343599677085876,0.013511077500879765,0.5508474576271186,0.5508474576271186,0.5457743386292417,0.6577540106951871,-0.0015006884932518005,8.007973961630052,8.020000457763672,0.023275399734017266,-0.06447527714446753,False,"( |ret|≥max(0.0270,0.012) AND |ret|≥0.8·σ60 ) AND acc≥0.55"
sz000983,0.03240470960736275,0.022874604910612106,0.49225473321858865,0.49225473321858865,0.5029284266535594,0.44881889763779526,-0.010953344404697418,12.531978480820328,12.670000076293945,0.039746315862905265,-0.27558130636975514,False,"( |ret|≥max(0.0457,0.012) AND |ret|≥0.8·σ60 ) AND acc≥0.55"
sh600192,0.026561301201581955,0.01807810738682747,0.5322033898305085,0.5322033898305085,0.5312022342091275,0.576,0.009731151163578033,5.9072050224150825,5.849999904632568,0.04382019601747177,0.22206995466196752,False,"( |ret|≥max(0.0362,0.012) AND |ret|≥0.8·σ60 ) AND acc≥0.55"
sh600660,0.02666993997991085,0.021503575146198273,0.5288135593220339,0.5288135593220339,0.5453634648007648,0.2773333333333333,0.0017813630402088165,35.21267224253706,35.150001525878906,0.023822940284941526,0.07477508112564946,False,"( |ret|≥max(0.0430,0.012) AND |ret|≥0.8·σ60 ) AND acc≥0.55"
sz000729,0.020954914391040802,0.015115768648684025,0.5830508474576271,0.5830508474576271,0.6349015550331474,0.6183574879227053,-0.0025119008496403694,7.0722131241590525,7.090000152587891,0.02558142410576816,-0.09819233899298789,False,"( |ret|≥max(0.0302,0.012) AND |ret|≥0.8·σ60 ) AND acc≥0.55"
sh600486,0.0253140889108181,0.02190324477851391,0.5213675213675214,0.5213675213675214,0.6618695741703504,0.20512820512820512,-0.0017205476760864258,117.05842417403163,117.26000213623047,0.025816435009435028,-0.06664541440378892,False,"( |ret|≥max(0.0438,0.012) AND |ret|≥0.8·σ60 ) AND acc≥0.55"
sh600085,2376,0.024525564163923264,0.016852563247084618,0.511864406779661,0.511864406779661,0.5537826799596588,0.5488958990536278,0.004661146551370621,43.64295145548757,43.439998626708984,0.038939945962954574,0.11970086858354412,False,"( |ret|≥max(0.0337,0.012) AND |ret|≥0.8·σ60 ) AND acc≥0.55"
sz000419,2374,0.01882844604551792,0.012267905287444592,0.6084745762711864,0.6084745762711864,0.6443889363593547,0.6173752310536045,0.002803165465593338,5.094259981370349,5.079999923706055,0.04133544782868869,0.06781503369844892,False,"( |ret|≥max(0.0245,0.012) AND |ret|≥0.8·σ60 ) AND acc≥0.55"
sz000919,2376,0.021511273458600044,0.014659778214991093,0.611864406779661,0.611864406779661,0.6312712072917304,0.629059829059829,0.005334377288818359,8.042789043295386,8.0,0.02892191908741433,0.18444057699939756,False,"( |ret|≥max(0.0293,0.012) AND |ret|≥0.8·σ60 ) AND acc≥0.55"
sz000951,2376,0.029800614342093468,0.026227597147226334,0.49830508474576274,0.49830508474576274,0.5627979226162022,0.006756756756756757,0.004497401416301727,12.325307851753035,12.270000457763672,0.023477921015769756,0.1915586775206424,False,"( |ret|≥max(0.0525,0.012) AND |ret|≥0.8·σ60 ) AND acc≥0.55"
sh600993,2376,0.02757902443408966,0.020663347095251083,0.49491525423728816,0.49491525423728816,0.5275855241517153,0.48214285714285715,-0.003295864909887314,22.60537313610218,22.68000030517578,0.028221550636099962,-0.11678535260276736,False,"( |ret|≥max(0.0413,0.012) AND |ret|≥0.8·σ60 ) AND acc≥0.55"
sh600761,2371,0.02353822998702526,0.01735690049827099,0.5372881355932203,0.5372881355932203,0.5662504757299424,0.3710843373493976,0.0037175193428993225,10.378510840923811,10.34000015258789,0.023534490116292144,0.15796041235334368,False,"( |ret|≥max(0.0347,0.012) AND |ret|≥0.8·σ60 ) AND acc≥0.55"
sh600992,2374,0.027646392583847046,0.018432440236210823,0.5813559322033899,0.5813559322033899,0.6577808178142733,0.6629680998613038,0.006688857451081276,14.798655591925645,14.699999809265137,0.056572137347406536,0.11823587692376886,False,"( |ret|≥max(0.0369,0.012) AND |ret|≥0.8·σ60 ) AND acc≥0.55"
sh600684,2375,0.02596871368587017,0.017727592960000038,0.5711864406779661,0.5711864406779661,0.6298968618338656,0.6544428772919605,-0.02799832634627819,4.472993880788146,4.599999904632568,0.040301481313860014,-0.694721843621934,False,"( |ret|≥max(0.0355,0.012) AND |ret|≥0.8·σ60 ) AND acc≥0.55"
sh600033,2376,0.010012245737016201,0.00681882631033659,0.5305084745762711,0.5305084745762711,0.5876905280620288,0.6094946401225115,0.0018845051527023315,2.8754135145353783,2.869999885559082,0.017351268073795032,0.10860901108768621,False,"( |ret|≥max(0.0136,0.012) AND |ret|≥0.8·σ60 ) AND acc≥0.55"
sz000823,2375,0.02416260354220867,0.01706475019454956,0.6559322033898305,0.6559322033898305,0.6558441140678872,0.6411657559198543,-0.0064187198877334595,10.959427986754907,11.029999732971191,0.027325514016493583,-0.2348983274340556,False,"( |ret|≥max(0.0341,0.012) AND |ret|≥0.8·σ60 ) AND acc≥0.55"
sh600276,2375,0.021344108507037163,0.019175484776496887,0.5305084745762711,0.5305084745762711,0.5912082029549393,0.11612903225806452,0.006847310345619917,36.146663499535194,35.900001525878906,0.018606099330391646,0.3680140874178011,False,"( |ret|≥max(0.0384,0.012) AND |ret|≥0.8·σ60 ) AND acc≥0.55"
sh600111,2376,0.03855577111244202,0.0290088914334774,0.5084745762711864,0.5084745762711864,0.5651784599649226,0.5068493150684932,-0.031219620257616043,38.26649016190091,39.47999954223633,0.030833779754001443,-1.012513236507508,False,"( |ret|≥max(0.0580,0.012) AND |ret|≥0.8·σ60 ) AND acc≥0.55"
sz000915,2376,0.02700519561767578,0.01957455277442932,0.5559322033898305,0.5559322033898305,0.583423425021002,0.5316455696202531,-0.006750080734491348,33.771270096164905,34.0,0.03423910067176021,-0.19714532889601863,False,"( |ret|≥max(0.0391,0.012) AND |ret|≥0.8·σ60 ) AND acc≥0.55"
sz000548,2375,0.01817186363041401,0.01216977834701538,0.5050847457627119,0.5050847457627119,0.6252871342040681,0.6455542021924482,-0.0016734134405851364,4.722091392514144,4.730000019073486,0.02361180756322221,-0.07087186050393879,False,"( |ret|≥max(0.0243,0.012) AND |ret|≥0.8·σ60 ) AND acc≥0.55"
sh600261,2376,0.019052105024456978,0.013355672359466553,0.4728813559322034,0.4728813559322034,0.514010101969529,0.48175182481751827,0.0018351941835135221,3.816998452361544,3.809999942779541,0.016830490530808595,0.10903978643737655,False,"( |ret|≥max(0.0267,0.012) AND |ret|≥0.8·σ60 ) AND acc≥0.55"
sz002028,2374,0.03224934637546539,0.027359820902347565,0.5016949152542373,0.5016949152542373,0.6225874793916395,0.14836795252225518,0.0048574237152934074,36.61743373008795,36.439998626708984,0.027693153380375667,0.17540154761573917,False,"( |ret|≥max(0.0547,0.012) AND |ret|≥0.8·σ60 ) AND acc≥0.55"
sh600028,2376,0.012885590083897114,0.009192273020744324,0.5152542372881356,0.5152542372881356,0.5537250439369017,0.6096866096866097,-0.000443924218416214,4.288095949622795,4.289999961853027,0.013571393344433767,-0.032710266370374066,False,"( |ret|≥max(0.0184,0.012) AND |ret|≥0.8·σ60 ) AND acc≥0.55"
sz000702,2376,0.023321175947785378,0.016547830775380135,0.5406779661016949,0.5406779661016949,0.6001351339883196,0.5947611710323575,7.49584287405014e-05,5.570417705770983,5.570000171661377,0.03028096456872007,0.002475429863407787,False,"( |ret|≥max(0.0331,0.012) AND |ret|≥0.8·σ60 ) AND acc≥0.55"
sz000573,2371,0.026233026757836342,0.017219340428709984,0.5898305084745763,0.5898305084745763,0.5899397462599583,0.6385737439222042,-0.027697548270225525,4.357617671527962,4.480000019073486,0.04308771231496785,-0.6428176469333569,False,"( |ret|≥max(0.0344,0.012) AND |ret|≥0.8·σ60 ) AND acc≥0.55"
sh600456,2376,0.036364804953336716,0.03928898274898529,0.48983050847457626,0.48983050847457626,0.559563760116895,0.0,-0.028968188911676407,47.94092606793998,49.349998474121094,0.032532952013863976,-0.8904258056592438,False,"( |ret|≥max(0.0786,0.012) AND |ret|≥0.8·σ60 ) AND acc≥0.55"
sh600742,2376,0.025276225060224533,0.01712743192911148,0.6135593220338983,0.6135593220338983,0.6460006342105733,0.5866666666666667,-0.0026978887617588043,9.773596513462293,9.800000190734863,0.022472508078419055,-0.12005280193097974,False,"( |ret|≥max(0.0343,0.012) AND |ret|≥0.8·σ60 ) AND acc≥0.55"
sh600125,2372,0.01822243444621563,0.01252519991248846,0.5644067796610169,0.5644067796610169,0.6154264598842623,0.6287425149700598,0.0007571429014205933,5.013794951383569,5.010000228881836,0.03017664711434726,0.025090350417263926,False,"( |ret|≥max(0.0251,0.012) AND |ret|≥0.8·σ60 ) AND acc≥0.55"
sh600624,2363,0.018940286710858345,0.013737314380705357,0.5186440677966102,0.5186440677966102,0.5606300411980857,0.43312101910828027,0.004604771733283997,6.640507861942029,6.610000133514404,0.015109513229392973,0.3047595654326277,False,"( |ret|≥max(0.0275,0.012) AND |ret|≥0.8·σ60 ) AND acc≥0.55"
sh600031,2372,0.027838654816150665,0.031736381351947784,0.48135593220338985,0.48135593220338985,0.5150185495952952,0.0,-0.0067476630210876465,17.12406165773666,17.239999771118164,0.0226702621614346,-0.2976436706642805,False,"( |ret|≥max(0.0635,0.012) AND |ret|≥0.8·σ60 ) AND acc≥0.55"
sh600668,2375,0.028059370815753937,0.0179581381380558,0.5220338983050847,0.5220338983050847,0.50814457094013,0.5324459234608985,0.0007575750350952148,21.11599127138393,21.100000381469727,0.061927313010809,0.012233292160279319,False,"( |ret|≥max(0.0359,0.012) AND |ret|≥0.8·σ60 ) AND acc≥0.55"
sz002038,2372,0.020860567688941956,0.01803152821958065,0.48135593220338985,0.48135593220338985,0.5292250642768648,0.6498855835240275,0.004834076389670372,10.62121958146673,10.569999694824219,0.022205182953527035,0.2177002649689894,False,"( |ret|≥max(0.0361,0.012) AND |ret|≥0.8·σ60 ) AND acc≥0.55"
sh600527,2366,0.02934226021170616,0.019308684393763542,0.49491525423728816,0.49491525423728816,0.479624447448325,0.4865979381443299,0.0011280626058578491,2.312607237653962,2.309999942779541,0.01671306379656775,0.06749581911673912,False,"( |ret|≥max(0.0386,0.012) AND |ret|≥0.8·σ60 ) AND acc≥0.55"
sh600583,2371,0.02185814455151558,0.01526459027081728,0.4610169491525424,0.4610169491525424,0.5114238238701865,0.5899094437257438,0.0006481334567070007,4.282775120298064,4.28000020980835,0.02017642728147002,0.03212328557640077,False,"( |ret|≥max(0.0305,0.012) AND |ret|≥0.8·σ60 ) AND acc≥0.55"
sh600642,2376,0.018618712201714516,0.011816078796982765,0.4711864406779661,0.4711864406779661,0.4732570354642068,0.3946784922394678,0.0007993020117282867,5.944749809206142,5.940000057220459,0.02273214173294866,0.035161740125540096,False,"( |ret|≥max(0.0236,0.012) AND |ret|≥0.8·σ60 ) AND acc≥0.55"
sh600004,2376,0.02422415465116501,0.017910223454236984,0.5491525423728814,0.5491525423728814,0.5266685076443959,0.5137614678899083,-0.001896897330880165,12.17687959745687,12.199999809265137,0.034332424972995726,-0.05525088250723186,False,"( |ret|≥max(0.0358,0.012) AND |ret|≥0.8·σ60 ) AND acc≥0.55"
sh600016,2373,0.008952797390520573,0.005935103166848421,0.4966101694915254,0.4966101694915254,0.5012873925761243,0.5714285714285714,-0.00030896440148353577,3.8688043780548393,3.869999885559082,0.00998295074182865,-0.030949175247076105,False,"( |ret|≥max(0.0119,0.012) AND |ret|≥0.8·σ60 ) AND acc≥0.55"
sz000581,2371,0.01943698711693287,0.013637755997478962,0.6389830508474577,0.6389830508474577,0.7219121736860472,0.6818181818181818,0.0009767860174179077,19.759290947020038,19.739999771118164,0.01827871610500069,0.053438407677145444,False,"( |ret|≥max(0.0273,0.012) AND |ret|≥0.8·σ60 ) AND acc≥0.55"
sz000550,2375,0.029572566971182823,0.021016020327806473,0.6186440677966102,0.6186440677966102,0.6517853961426155,0.6360655737704918,-0.006631575524806976,14.255152114483167,14.350000381469727,0.027620077141962046,-0.24009973215225305,False,"( |ret|≥max(0.0420,0.012) AND |ret|≥0.8·σ60 ) AND acc≥0.55"
sh600059,2367,0.02831893227994442,0.019261261448264122,0.5711864406779661,0.5711864406779661,0.619475254890528,0.48034934497816595,0.0015315264463424683,9.534591760865142,9.520000457763672,0.022854591494191123,0.06701173270213139,False,"( |ret|≥max(0.0385,0.012) AND |ret|≥0.8·σ60 ) AND acc≥0.55"
sh600836,2366,0.02627496048808098,0.018490856513381004,0.5935374149659864,0.5935374149659864,0.6427172095407494,0.6063829787234043,0.0044252388179302216,6.579049734013849,6.550000190734863,0.026425807975501897,0.16745891544521524,False,"( |ret|≥max(0.0370,0.012) AND |ret|≥0.8·σ60 ) AND acc≥0.55"
sh600969,2373,0.019020868465304375,0.01331118494272232,0.5796610169491525,0.5796610169491525,0.5874875475681324,0.6135593220338983,-0.004407316446304321,7.984731555543068,8.020000457763672,0.023275399734017266,-0.1893550531083876,False,"( |ret|≥max(0.0266,0.012) AND |ret|≥0.8·σ60 ) AND acc≥0.55"
sz000983,2367,0.031985532492399216,0.022479161620140076,0.5060240963855421,0.5060240963855421,0.5473739936860207,0.5385878489326765,-0.005575604736804962,12.59955373682444,12.670000076293945,0.039746315862905265,-0.1402797520464301,False,"( |ret|≥max(0.0450,0.012) AND |ret|≥0.8·σ60 ) AND acc≥0.55"
sh600192,2374,0.026495354250073433,0.01801345869898796,0.5186440677966102,0.5186440677966102,0.5255959490566009,0.5709779179810726,0.007392055355012417,5.893403651563869,5.849999904632568,0.04382019601747177,0.16869056599289134,False,"( |ret|≥max(0.0360,0.012) AND |ret|≥0.8·σ60 ) AND acc≥0.55"
sh600660,2375,0.026776162907481194,0.021176723763346672,0.5423728813559322,0.5423728813559322,0.5811596725784047,0.4340425531914894,-0.005267780274152756,34.96532588361183,35.150001525878906,0.023822940284941526,-0.22112207812827098,False,"( |ret|≥max(0.0424,0.012) AND |ret|≥0.8·σ60 ) AND acc≥0.55"
sz000729,2371,0.021097635850310326,0.015149368904531002,0.5711864406779661,0.5711864406779661,0.6236285725774809,0.6182380216383307,0.0018206816166639328,7.102920543918208,7.090000152587891,0.02558142410576816,0.07117199173182402,False,"( |ret|≥max(0.0303,0.012) AND |ret|≥0.8·σ60 ) AND acc≥0.55"
sh600486,2366,0.025964267551898956,0.019916031509637833,0.5008547008547009,0.5008547008547009,0.6722458480197036,0.11009174311926606,0.0022598952054977417,117.5252971093658,117.26000213623047,0.025816435009435028,0.08753704100900907,False,"( |ret|≥max(0.0398,0.012) AND |ret|≥0.8·σ60 ) AND acc≥0.55"
sh600611,2374,0.012443267740309238,0.008676012977957726,0.5033898305084745,0.5033898305084745,0.562374117797948,0.6088193456614509,0.0015201196074485779,3.32505056804998,3.319999933242798,0.01343707528224077,0.1131286715473672,False,"( |ret|≥max(0.0174,0.012) AND |ret|≥0.8·σ60 ) AND acc≥0.55"
sh600426,2369,0.028857024386525154,0.021649282425642014,0.559322033898305,0.559322033898305,0.6455277616719709,0.3971631205673759,-0.013807767070829868,31.896525705187802,32.34000015258789,0.024765544929972343,-0.5575391752727944,False,"( |ret|≥max(0.0433,0.012) AND |ret|≥0.8·σ60 ) AND acc≥0.55"
sh600439,2362,0.023259615525603294,0.016606517136096954,0.5372881355932203,0.5372881355932203,0.5470576275164356,0.6041666666666666,0.003828667104244232,2.931201213560502,2.9200000762939453,0.01932886105323075,0.19808022381132728,False,"( |ret|≥max(0.0332,0.012) AND |ret|≥0.8·σ60 ) AND acc≥0.55"
sh600824,2366,0.022643491625785828,0.01384720765054226,0.4982758620689655,0.4982758620689655,0.5131746269526856,0.5548172757475083,0.00651947408914566,3.9456399035001275,3.9200000762939453,0.03922203635307722,0.16621963144037144,False,"( |ret|≥max(0.0277,0.012) AND |ret|≥0.8·σ60 ) AND acc≥0.55"
sh600329,2360,0.025099707767367363,0.01809288002550602,0.47877758913412566,0.47877758913412566,0.5406671349289602,0.291866028708134,0.00022039562463760376,26.17576846544804,26.170000076293945,0.029285707610514425,0.007525703401526869,False,"( |ret|≥max(0.0362,0.012) AND |ret|≥0.8·σ60 ) AND acc≥0.55"
sz000830,2375,0.02881559170782566,0.02116975747048855,0.5728813559322034,0.5728813559322034,0.5907757295407218,0.581081081081081,-0.0344315767288208,17.091272645776343,17.690000534057617,0.023302253930518903,-1.4776065034490433,False,"( |ret|≥max(0.0423,0.012) AND |ret|≥0.8·σ60 ) AND acc≥0.55"
sh600467,2371,0.024272911250591278,0.016677362844347954,0.6152542372881356,0.6152542372881356,0.5950396859985724,0.6542372881355932,0.008459726348519325,3.075911565319052,3.049999952316284,0.030188404501147553,0.2802308928214082,False,"( |ret|≥max(0.0334,0.012) AND |ret|≥0.8·σ60 ) AND acc≥0.55"
sz000559,2367,0.022708026692271233,0.01645631715655327,0.535593220338983,0.535593220338983,0.5323941777476051,0.6282578875171467,-0.000791594386100769,5.365750705831607,5.369999885559082,0.018234913781155337,-0.043410896343796766,False,"( |ret|≥max(0.0329,0.012) AND |ret|≥0.8·σ60 ) AND acc≥0.55"
sz000589,2372,0.021366935223340988,0.015181813389062881,0.5288135593220339,0.5288135593220339,0.5387969114007329,0.49615384615384617,-0.001190774142742157,5.443513952775796,5.449999809265137,0.02299613041917513,-0.05178147815401407,False,"( |ret|≥max(0.0304,0.012) AND |ret|≥0.8·σ60 ) AND acc≥0.55"
sh600588,2356,0.031221048906445503,0.030864961445331573,0.5,0.5,0.6068516829887816,0.0,-0.003969516605138779,22.938763919237044,23.030000686645508,0.03131635674416921,-0.12675533651673887,False,"( |ret|≥max(0.0617,0.012) AND |ret|≥0.8·σ60 ) AND acc≥0.55"
sh600249,2363,0.02341749519109726,0.01600486785173416,0.6627118644067796,0.6627118644067796,0.6613493368005694,0.6939443535188216,-0.004234904423356056,5.984602269252082,6.010000228881836,0.032106102733057106,-0.13190336863782678,False,"( |ret|≥max(0.0320,0.012) AND |ret|≥0.8·σ60 ) AND acc≥0.55"
sz000417,2370,0.02041085809469223,0.013900429010391235,0.5813559322033899,0.5813559322033899,0.6220652804690452,0.5982608695652174,0.004082301631569862,4.428039593774455,4.409999847412109,0.018909524761249102,0.21588588419084925,False,"( |ret|≥max(0.0278,0.012) AND |ret|≥0.8·σ60 ) AND acc≥0.55"
sz000402,2373,0.016582095995545387,0.01134937722235918,0.5694915254237288,0.5694915254237288,0.606990936790573,0.6535211267605634,-0.001007511862553656,5.944008132724542,5.949999809265137,0.018493135683660192,-0.05448028581983504,False,"( |ret|≥max(0.0227,0.012) AND |ret|≥0.8·σ60 ) AND acc≥0.55"
sh600060,2373,0.025796912610530853,0.01914386823773384,0.5898305084745763,0.5898305084745763,0.6157073144364231,0.6550218340611353,0.0011617094278335571,11.243053119342848,11.229999542236328,0.024342643715998893,0.04772320394427821,False,"( |ret|≥max(0.0383,0.012) AND |ret|≥0.8·σ60 ) AND acc≥0.55"
sh600235,2370,0.02549755573272705,0.01782926172018051,0.5711864406779661,0.5711864406779661,0.576756399826327,0.6077170418006431,0.005208758637309074,6.081595395948571,6.050000190734863,0.03177611186054604,0.16392052687135455,False,"( |ret|≥max(0.0357,0.012) AND |ret|≥0.8·σ60 ) AND acc≥0.55"
sz000898,2372,0.024513017386198044,0.01720387674868107,0.5847457627118644,0.5847457627118644,0.6015535225756362,0.6124567474048442,-0.0036061760038137436,3.577077057677242,3.5899999141693115,0.024748486061927075,-0.1457129352341317,False,"( |ret|≥max(0.0344,0.012) AND |ret|≥0.8·σ60 ) AND acc≥0.55"
sz002001,2362,0.023436835035681725,0.018465256318449974,0.5101694915254237,0.5101694915254237,0.6142681155821861,0.10256410256410256,-0.003380894660949707,31.573074415720406,31.68000030517578,0.026102770920232228,-0.12952239346763164,False,"( |ret|≥max(0.0369,0.012) AND |ret|≥0.8·σ60 ) AND acc≥0.55"
sh600436,2362,0.02679705247282982,0.021059773862361908,0.576271186440678,0.576271186440678,0.6757338568778879,0.48559670781893005,-0.003673023311421275,307.8272557599613,308.9599914550781,0.024875500251187233,-0.14765619978572994,False,"( |ret|≥max(0.0421,0.012) AND |ret|≥0.8·σ60 ) AND acc≥0.55"
sh600479,2358,0.020220879465341568,0.012775955721735954,0.6067796610169491,0.6067796610169491,0.6648143897823782,0.6488188976377953,-0.006005454808473587,11.828748869318522,11.899999618530273,0.042965103012185264,-0.13977514284136502,False,"( |ret|≥max(0.0256,0.012) AND |ret|≥0.8·σ60 ) AND acc≥0.55"
sh600138,2365,0.02099689655005932,0.015455575659871101,0.49830508474576274,0.49830508474576274,0.5430061632999086,0.6307884856070087,-0.0024548768997192383,12.18006275231802,12.210000038146973,0.028019098112336677,-0.0876143840794978,False,"( |ret|≥max(0.0309,0.012) AND |ret|≥0.8·σ60 ) AND acc≥0.55"
sh600054,2366,0.018206238746643066,0.012641835026443005,0.6169491525423729,0.6169491525423729,0.6676458122822756,0.625,-0.0016908049583435059,11.280910237624669,11.300000190734863,0.031863564097201674,-0.053063882701469944,False,"( |ret|≥max(0.0253,0.012) AND |ret|≥0.8·σ60 ) AND acc≥0.55"
sz000089,2374,0.017203396186232567,0.01226230151951313,0.5898305084745763,0.5898305084745763,0.6236332621177532,0.6079734219269103,0.0028476640582084656,6.949762264808415,6.929999828338623,0.019428210218729647,0.14657359378000018,False,"( |ret|≥max(0.0245,0.012) AND |ret|≥0.8·σ60 ) AND acc≥0.55"
sz000822,2374,0.031576160341501236,0.022503888234496117,0.5915254237288136,0.5915254237288136,0.6069563112560308,0.5814814814814815,0.002118252217769623,6.794377181940026,6.78000020980835,0.028580002069050713,0.07411656134545434,False,"( |ret|≥max(0.0450,0.012) AND |ret|≥0.8·σ60 ) AND acc≥0.55"
sh600638,2363,0.025694511830806732,0.01769149862229824,0.46271186440677964,0.46271186440677964,0.5760847370295679,0.6309662398137369,0.0015906691551208496,6.049615248832079,6.039999961853027,0.02286153857183644,0.0695783643055757,False,"( |ret|≥max(0.0354,0.012) AND |ret|≥0.8·σ60 ) AND acc≥0.55"
sh600262,2376,0.02245222218334675,0.01501559093594551,0.6152542372881356,0.6152542372881356,0.6107923801583582,0.626057529610829,-0.0016073957085609436,21.62521162332126,21.65999984741211,0.04077466821057822,-0.03942141983953009,False,"( |ret|≥max(0.0300,0.012) AND |ret|≥0.8·σ60 ) AND acc≥0.55"
sz002023,2366,0.028216173872351646,0.019741572439670563,0.6915254237288135,0.6915254237288135,0.6923382977048849,0.6857142857142857,-0.000642014667391777,11.162831073958767,11.170000076293945,0.019143614865600934,-0.033536734651827056,False,"( |ret|≥max(0.0395,0.012) AND |ret|≥0.8·σ60 ) AND acc≥0.55"
sh600011,2375,0.027199728414416313,0.018946317955851555,0.5745762711864407,0.5745762711864407,0.5774156790103322,0.6248085758039816,-0.022990629076957703,7.114537756380705,7.28000020980835,0.04208316551750833,-0.5463140267870864,False,"( |ret|≥max(0.0379,0.012) AND |ret|≥0.8·σ60 ) AND acc≥0.55"
sh600067,2372,0.023707890883088112,0.015539734624326229,0.49491525423728816,0.49491525423728816,0.5361260972928346,0.5705521472392638,-0.01099560409784317,4.609041009023376,4.659999847412109,0.03737740202105431,-0.294177780196485,False,"( |ret|≥max(0.0311,0.012) AND |ret|≥0.8·σ60 ) AND acc≥0.55"
sh600064,2374,0.015399987809360027,0.010520257987082005,0.5525423728813559,0.5525423728813559,0.6016184627059034,0.4851063829787234,0.0018438845872879028,9.958344700351551,9.9399995803833,0.01798249645276474,0.10253768528493494,False,"( |ret|≥max(0.0210,0.012) AND |ret|≥0.8·σ60 ) AND acc≥0.55"
sh600831,2362,0.025257999077439308,0.0183680672198534,0.576271186440678,0.576271186440678,0.6066162840015983,0.6095551894563427,0.012901020236313343,6.543880537985009,6.460000038146973,0.0388480106680837,0.3320895122698596,False,"( |ret|≥max(0.0367,0.012) AND |ret|≥0.8·σ60 ) AND acc≥0.55"
sh600114,2354,0.033044978976249695,0.024278145283460617,0.5525423728813559,0.5525423728813559,0.5469488711922381,0.41723356009070295,0.0008288724347949028,8.226816423135869,8.220000267028809,0.03727196793041524,0.02223848802288847,False,"( |ret|≥max(0.0486,0.012) AND |ret|≥0.8·σ60 ) AND acc≥0.55"
sh600320,2376,0.019900232553482056,0.013118131086230278,0.4423728813559322,0.4423728813559322,0.4655250897528575,0.590738423028786,0.0007883235812187195,3.232547308167971,3.2300000190734863,0.018081667424802442,0.04359792306312159,False,"( |ret|≥max(0.0262,0.012) AND |ret|≥0.8·σ60 ) AND acc≥0.55"
sh600594,2362,0.02288215421140194,0.01712246797978878,0.4915254237288136,0.4915254237288136,0.4886778297200458,0.21348314606741572,0.003584355115890503,7.336248592610078,7.309999942779541,0.03504033247489855,0.10229223982209039,False,"( |ret|≥max(0.0342,0.012) AND |ret|≥0.8·σ60 ) AND acc≥0.55"
sh600755,2368,0.016091199591755867,0.011403407901525497,0.6468590831918506,0.6468590831918506,0.6449540142612888,0.6836248012718601,-0.0007341490127146244,7.434539993019461,7.440000057220459,0.01962709000763629,-0.03740486431663312,False,"( |ret|≥max(0.0228,0.012) AND |ret|≥0.8·σ60 ) AND acc≥0.55"
sh600305,2371,0.02677694708108902,0.02203228883445263,0.488135593220339,0.488135593220339,0.5229574091680502,0.15517241379310345,0.0075585246086120605,10.771106342863588,10.6899995803833,0.020249587706507605,0.3732678899681538,False,"( |ret|≥max(0.0441,0.012) AND |ret|≥0.8·σ60 ) AND acc≥0.55"
sh600491,2362,0.02615041472017765,0.01721663400530815,0.4745762711864407,0.4745762711864407,0.5245312550160027,0.6062992125984252,0.000745873898267746,6.184611048382436,6.179999828338623,0.031871113216796226,0.023402811792797656,False,"( |ret|≥max(0.0344,0.012) AND |ret|≥0.8·σ60 ) AND acc≥0.55"
sh600118,2370,0.02608504518866539,0.017572512850165367,0.5745762711864407,0.5745762711864407,0.5918107981959372,0.6016260162601627,0.0063279373571276665,22.340926391114763,22.200000762939453,0.020588236985944162,0.30735678280175205,False,"( |ret|≥max(0.0351,0.012) AND |ret|≥0.8·σ60 ) AND acc≥0.55"
sh600779,2369,0.03339677304029465,0.025534307584166527,0.4838709677419355,0.4838709677419355,0.6110225489655727,0.03225806451612903,0.002901623025536537,81.38581018730196,81.1500015258789,0.02329719744463546,0.12454810442118806,False,"( |ret|≥max(0.0511,0.012) AND |ret|≥0.8·σ60 ) AND acc≥0.55"
sh600501,2363,0.025558141991496086,0.017869384959340096,0.5627118644067797,0.5627118644067797,0.5644914250914148,0.5882352941176471,0.00785677321255207,11.963627104982878,11.869999885559082,0.03368084437431215,0.23327119690123732,False,"( |ret|≥max(0.0357,0.012) AND |ret|≥0.8·σ60 ) AND acc≥0.55"
sh600521,2357,0.031160695478320122,0.02300664223730564,0.6271186440677966,0.6271186440677966,0.6244366343199577,0.580896686159844,-0.0022233575582504272,21.472206952805802,21.520000457763672,0.04113715837915365,-0.05404741371010646,False,"( |ret|≥max(0.0460,0.012) AND |ret|≥0.8·σ60 ) AND acc≥0.55"
sh600535,2364,0.018199797719717026,0.013301679864525795,0.49830508474576274,0.49830508474576274,0.6137929627363818,0.6525323910482921,0.0010339319705963135,15.015516999937779,15.0,0.025962491497947007,0.03982405049367342,False,"( |ret|≥max(0.0266,0.012) AND |ret|≥0.8·σ60 ) AND acc≥0.55"
sh600549,2364,0.027326248586177826,0.019713234156370163,0.5847457627118644,0.5847457627118644,0.6511508034009508,0.6048780487804878,-0.003707416355609894,18.491317215880258,18.559999465942383,0.021184383602355517,-0.17500696150196443,False,"( |ret|≥max(0.0394,0.012) AND |ret|≥0.8·σ60 ) AND acc≥0.55"
sh600388,2354,0.018632840365171432,0.013970592059195042,0.4966101694915254,0.4966101694915254,0.555747180254414,0.6636466591166478,0.0013256408274173737,9.913132164812597,9.899999618530273,0.024078385845903483,0.05505519702812379,False,"( |ret|≥max(0.0279,0.012) AND |ret|≥0.8·σ60 ) AND acc≥0.55"
sh600557,2360,0.02195112593472004,0.015300546772778034,0.6101694915254238,0.6101694915254238,0.5876984990248545,0.5934065934065934,0.007167689502239227,13.365457394901807,13.270000457763672,0.03943954598775496,0.1817385952434308,False,"( |ret|≥max(0.0306,0.012) AND |ret|≥0.8·σ60 ) AND acc≥0.55"
sz000632,2372,0.021822694689035416,0.015256187878549099,0.5016949152542373,0.5016949152542373,0.5508546754356434,0.6198675496688741,-0.0006826184689998627,4.177147456906852,4.179999828338623,0.024731231477690095,-0.027601463906114405,False,"( |ret|≥max(0.0305,0.012) AND |ret|≥0.8·σ60 ) AND acc≥0.55"
sh600283,2351,0.02597048692405224,0.017679477110505104,0.5493197278911565,0.5493197278911565,0.5839482483808356,0.6641123882503193,0.0017271451652050018,12.341296508783007,12.319999694824219,0.03857224399285015,0.044776879399506954,False,"( |ret|≥max(0.0354,0.012) AND |ret|≥0.8·σ60 ) AND acc≥0.55"
sz002029,2363,0.01721137762069702,0.012594953179359436,0.46440677966101696,0.46440677966101696,0.5009042713773542,0.6279620853080569,0.001110319048166275,5.365954748910526,5.360000133514404,0.01746548751207599,0.06357213972282086,False,"( |ret|≥max(0.0252,0.012) AND |ret|≥0.8·σ60 ) AND acc≥0.55"
sh600188,2372,0.03830364719033241,0.02877960540354252,0.4745762711864407,0.4745762711864407,0.5759528841075114,0.5048231511254019,-0.039004191756248474,38.79686112639005,40.34000015258789,0.034135658463060665,-1.1426227612462372,False,"( |ret|≥max(0.0576,0.012) AND |ret|≥0.8·σ60 ) AND acc≥0.55"
sh600801,2371,0.024917080998420715,0.018063291907310486,0.6190476190476191,0.6190476190476191,0.6516087234360944,0.6439024390243903,-0.009344622492790222,17.941557734575014,18.110000610351562,0.030695514269005117,-0.30442948004070997,False,"( |ret|≥max(0.0361,0.012) AND |ret|≥0.8·σ60 ) AND acc≥0.55"
sh600327,2366,0.03249415010213852,0.021822575479745865,0.5067796610169492,0.5067796610169492,0.5320573585443051,0.5385878489326765,0.0020371899008750916,6.673581361205354,6.659999847412109,0.0285064757072443,0.0714640844121092,False,"( |ret|≥max(0.0436,0.012) AND |ret|≥0.8·σ60 ) AND acc≥0.55"
sh600326,2369,0.02194349840283394,0.01501916442066431,0.6033898305084746,0.6033898305084746,0.6328863051426303,0.631404958677686,-0.003614603541791439,5.928531741531737,5.949999809265137,0.01788362268872519,-0.20211797036461615,False,"( |ret|≥max(0.0300,0.012) AND |ret|≥0.8·σ60 ) AND acc≥0.55"
sz000572,2369,0.0318995825946331,0.02406543307006359,0.5383304940374787,0.5383304940374787,0.5799259335901829,0.570957095709571,-0.0010194908827543259,5.364528009373243,5.369999885559082,0.025063881021331526,-0.040675682873287766,False,"( |ret|≥max(0.0481,0.012) AND |ret|≥0.8·σ60 ) AND acc≥0.55"
sh600098,2369,0.02069072052836418,0.013826947659254074,0.5694915254237288,0.5694915254237288,0.6199181727570227,0.5918003565062389,0.00010109646245837212,6.340641136575364,6.340000152587891,0.02202225423851184,0.004590647962600404,False,"( |ret|≥max(0.0277,0.012) AND |ret|≥0.8·σ60 ) AND acc≥0.55"
sz000733,2345,0.05716307833790779,0.060646168887615204,0.5067796610169492,0.5067796610169492,0.5714872366567435,0.1853932584269663,-0.06698257476091385,102.63010773548895,109.73999786376953,0.024617168573487554,-2.7209687966862854,False,"( |ret|≥max(0.1213,0.012) AND |ret|≥0.8·σ60 ) AND acc≥0.55"
sz000701,2353,0.02688632905483246,0.019068943336606026,0.4542372881355932,0.4542372881355932,0.4419446252686189,0.5862516212710766,0.001561276614665985,5.809062668073807,5.800000190734863,0.038856225074342575,0.04018085158479295,False,"( |ret|≥max(0.0381,0.012) AND |ret|≥0.8·σ60 ) AND acc≥0.55"
sh600718,2360,0.023375850170850754,0.016696101054549217,0.4966101694915254,0.4966101694915254,0.5545043499998616,0.6450060168471721,0.002229154109954834,11.635909002361808,11.609999656677246,0.03345911214350061,0.06662320967042597,False,"( |ret|≥max(0.0334,0.012) AND |ret|≥0.8·σ60 ) AND acc≥0.55"
sz000909,2350,0.024441245943307877,0.016686052083969116,0.5017241379310344,0.5017241379310344,0.5458225356962054,0.5924855491329479,0.002533571794629097,7.719533045580204,7.699999809265137,0.030955069435109922,0.08184672243985473,False,"( |ret|≥max(0.0334,0.012) AND |ret|≥0.8·σ60 ) AND acc≥0.55"
sh600774,2359,0.02581108920276165,0.01841071806848049,0.5830508474576271,0.5830508474576271,0.6107312255957649,0.6061588330632091,0.01190125197172165,12.680013321100956,12.529999732971191,0.03160255159549478,0.37659137015710387,False,"( |ret|≥max(0.0368,0.012) AND |ret|≥0.8·σ60 ) AND acc≥0.55"
sh600536,2367,0.032686129212379456,0.02751730941236019,0.5084745762711864,0.5084745762711864,0.5718149983084391,0.013793103448275862,-0.007794264703989029,39.49099330914239,39.79999923706055,0.026276308581504076,-0.2966269677319036,False,"( |ret|≥max(0.0550,0.012) AND |ret|≥0.8·σ60 ) AND acc≥0.55"
sh600169,2371,0.02329947240650654,0.0161210298538208,0.4559322033898305,0.4559322033898305,0.5075815773464112,0.5758426966292135,0.0044770147651433945,2.561441933601905,2.549999952316284,0.019312329991501294,0.23182145545871585,False,"( |ret|≥max(0.0322,0.012) AND |ret|≥0.8·σ60 ) AND acc≥0.55"
sh600210,2371,0.03101234883069992,0.026418782770633698,0.5186440677966102,0.5186440677966102,0.542742227613632,0.6138888888888889,-0.0059945592656731606,5.924379336566567,5.960000038146973,0.026237940612816167,-0.22846903533483529,False,"( |ret|≥max(0.0528,0.012) AND |ret|≥0.8·σ60 ) AND acc≥0.55"
sh600405,2355,0.030916275456547737,0.022299034520983696,0.6389830508474577,0.6389830508474577,0.66959426774248,0.6821705426356589,0.00011207163333892822,6.070680484616163,6.070000171661377,0.03884054823295793,0.00288542797625989,False,"( |ret|≥max(0.0446,0.012) AND |ret|≥0.8·σ60 ) AND acc≥0.55"
sh600459,2362,0.034455157816410065,0.02754623256623745,0.511864406779661,0.511864406779661,0.5577752039224052,0.3196125907990315,-0.021593749523162842,20.39481036642493,20.84000015258789,0.022454456843317292,-0.9616683252307721,False,"( |ret|≥max(0.0551,0.012) AND |ret|≥0.8·σ60 ) AND acc≥0.55"
sh600586,2376,0.0374273844063282,0.03236696496605873,0.47796610169491527,0.47796610169491527,0.5274019657469589,0.45045045045045046,-0.01373736746609211,7.9598971347260505,8.069999694824219,0.024422753531237754,-0.5624821060287232,False,"( |ret|≥max(0.0647,0.012) AND |ret|≥0.8·σ60 ) AND acc≥0.55"
sh600037,2346,0.02517342008650303,0.017749987542629242,0.5119453924914675,0.5119453924914675,0.5609039395503461,0.6098901098901099,0.0023214579559862614,8.800405809965437,8.779999732971191,0.02892980772105791,0.08024447227320344,False,"( |ret|≥max(0.0355,0.012) AND |ret|≥0.8·σ60 ) AND acc≥0.55"
sh600377,2376,0.010895512998104095,0.007962577976286411,0.535593220338983,0.535593220338983,0.5767534762865751,0.4019138755980861,0.004238508641719818,8.435678649029072,8.399999618530273,0.013381836867362912,0.31673570051508726,False,"( |ret|≥max(0.0159,0.012) AND |ret|≥0.8·σ60 ) AND acc≥0.55"
sh600519,2374,0.020723579451441765,0.016072416678071022,0.5152542372881356,0.5152542372881356,0.6150746674552743,0.1337386018237082,-0.0012943893671035767,1658.6517175925417,1660.800048828125,0.022867595734889005,-0.056603624450667016,False,"( |ret|≥max(0.0321,0.012) AND |ret|≥0.8·σ60 ) AND acc≥0.55"
sz000055,2353,0.02039480395615101,0.01478653959929943,0.4559322033898305,0.4559322033898305,0.48842044822507924,0.6254375729288215,-0.0005259066820144653,4.527618478767513,4.53000020980835,0.02255025589987665,-0.023321529083049172,False,"( |ret|≥max(0.0296,0.012) AND |ret|≥0.8·σ60 ) AND acc≥0.55"
sh600343,2367,0.027180073782801628,0.01921742595732212,0.5409556313993175,0.5409556313993175,0.5420579868276189,0.6299862448418156,0.002424992620944977,9.914012624211242,9.890000343322754,0.03169677664862711,0.07650594515548505,False,"( |ret|≥max(0.0384,0.012) AND |ret|≥0.8·σ60 ) AND acc≥0.55"
sh600298,2375,0.02657642774283886,0.020777378231287003,0.5389830508474577,0.5389830508474577,0.6198197639864548,0.3189873417721519,-0.00575405266135931,42.86265569688454,43.11000061035156,0.024430919751497436,-0.23552327806953924,False,"( |ret|≥max(0.0416,0.012) AND |ret|≥0.8·σ60 ) AND acc≥0.55"
sh600216,2369,0.0281194020062685,0.02179267629981041,0.5186440677966102,0.5186440677966102,0.5922022908954647,0.24456521739130435,-0.0008188076317310333,15.507297764185314,15.520000457763672,0.02394065514580351,-0.03420154063157095,False,"( |ret|≥max(0.0436,0.012) AND |ret|≥0.8·σ60 ) AND acc≥0.55"
sh600368,2357,0.015414796769618988,0.01114599034190178,0.6016949152542372,0.6016949152542372,0.6362749822919316,0.6229508196721312,-0.004996292293071747,4.139267108775589,4.159999847412109,0.019760798161448233,-0.25283845945223615,False,"( |ret|≥max(0.0223,0.012) AND |ret|≥0.8·σ60 ) AND acc≥0.55"
sh600815,2349,0.023884201422333717,0.016539592295885086,0.42589437819420783,0.42589437819420783,0.4345187733134936,0.5520974289580515,0.001736953854560852,2.874989274837944,2.869999885559082,0.025547205310095338,0.06798994855124074,False,"( |ret|≥max(0.0331,0.012) AND |ret|≥0.8·σ60 ) AND acc≥0.55"
sh600036,2365,0.018765520304441452,0.01437142863869667,0.576271186440678,0.576271186440678,0.603127269057206,0.37244897959183676,-1.654587686061859e-05,45.049253851487144,45.04999923706055,0.02364136644084374,-0.0006998694387367947,False,"( |ret|≥max(0.0287,0.012) AND |ret|≥0.8·σ60 ) AND acc≥0.55"
sz000966,2363,0.03390565514564514,0.021949760615825653,0.5008635578583766,0.5008635578583766,0.4973688033588147,0.41702127659574467,-0.0006669396534562111,5.7661530221260735,5.769999980926514,0.027016025517058496,-0.024686806953414436,False,"( |ret|≥max(0.0439,0.012) AND |ret|≥0.8·σ60 ) AND acc≥0.55"
sh600266,2359,0.015746429562568665,0.010995270684361458,0.5491525423728814,0.5491525423728814,0.5321822856605669,0.47357293868921774,0.0007270146161317825,4.903563762317826,4.900000095367432,0.02045684877733297,0.03553891748704568,False,"( |ret|≥max(0.0220,0.012) AND |ret|≥0.8·σ60 ) AND acc≥0.55"
sh600971,2376,0.025957860052585602,0.017576178535819054,0.6559322033898305,0.6559322033898305,0.6794425280191743,0.6608695652173913,0.004794681444764137,7.6867674823943055,7.650000095367432,0.02593267268651582,0.184889527347559,False,"( |ret|≥max(0.0352,0.012) AND |ret|≥0.8·σ60 ) AND acc≥0.55"
sh600196,2357,0.03169635310769081,0.022818436846137047,0.6372881355932203,0.6372881355932203,0.6692816403381917,0.6042065009560229,0.01658661663532257,50.978587784067855,50.13999938964844,0.03766384467081676,0.44038553090994287,False,"( |ret|≥max(0.0456,0.012) AND |ret|≥0.8·σ60 ) AND acc≥0.55"
sz000637,2372,0.02129603549838066,0.014875027351081371,0.5813559322033899,0.5813559322033899,0.655914546237702,0.6703146374829001,0.003369365818798542,5.287786486522354,5.269999980926514,0.035692142921867405,0.09440074478483595,False,"( |ret|≥max(0.0298,0.012) AND |ret|≥0.8·σ60 ) AND acc≥0.55"
sz000888,2370,0.017649028450250626,0.012331061065196991,0.5644067796610169,0.5644067796610169,0.6182423798927507,0.6780551905387647,0.008317097090184689,7.8449770617488905,7.78000020980835,0.031190816159448954,0.26665202927512405,False,"( |ret|≥max(0.0247,0.012) AND |ret|≥0.8·σ60 ) AND acc≥0.55"
sh600310,2344,0.026981063187122345,0.018268294632434845,0.5043177892918825,0.5043177892918825,0.5320375429823806,0.6183844011142061,0.003552764654159546,4.385553078749149,4.369999885559082,0.032300573235884304,0.10999072766626099,False,"( |ret|≥max(0.0365,0.012) AND |ret|≥0.8·σ60 ) AND acc≥0.55"
sh600183,2370,0.026983652263879776,0.021890560165047646,0.5101694915254237,0.5101694915254237,0.5546898171165723,0.006968641114982578,0.0050142183899879456,16.74374651159017,16.65999984741211,0.016651774598409427,0.3011219824730919,False,"( |ret|≥max(0.0438,0.012) AND |ret|≥0.8·σ60 ) AND acc≥0.55"
sh600531,2351,0.026395760476589203,0.0192361231893301,0.6389830508474577,0.6389830508474577,0.669855379193783,0.6275992438563327,0.002652473747730255,5.474501769138756,5.460000038146973,0.023924238190144807,0.11086968027789049,False,"( |ret|≥max(0.0385,0.012) AND |ret|≥0.8·σ60 ) AND acc≥0.55"
sz000859,2359,0.02782336436212063,0.020033739507198334,0.5084745762711864,0.5084745762711864,0.5290536602047502,0.314214463840399,-0.005280853249132633,6.764185038148589,6.800000190734863,0.027109745524817624,-0.1947953106511151,False,"( |ret|≥max(0.0401,0.012) AND |ret|≥0.8·σ60 ) AND acc≥0.55"
sz000528,2354,0.019791899248957634,0.013835815712809563,0.6309314586994728,0.6309314586994728,0.6389850892087982,0.5895196506550219,-0.0011532511562108994,6.432577400624792,6.440000057220459,0.020324778396956115,-0.05674111502108493,False,"( |ret|≥max(0.0277,0.012) AND |ret|≥0.8·σ60 ) AND acc≥0.55"
sz000988,2372,0.024862604215741158,0.021373121067881584,0.48983050847457626,0.48983050847457626,0.5839418839893777,0.006688963210702341,0.0046352818608284,21.208078547096214,21.110000610351562,0.020834208633939248,0.22248407498601638,False,"( |ret|≥max(0.0427,0.012) AND |ret|≥0.8·σ60 ) AND acc≥0.55"
sh600622,2350,0.02413664199411869,0.016544055193662643,0.5288135593220339,0.5288135593220339,0.5873126447048042,0.6131805157593123,-0.010869845747947693,4.095242400602393,4.139999866485596,0.0309055373200494,-0.3517118022658696,False,"( |ret|≥max(0.0331,0.012) AND |ret|≥0.8·σ60 ) AND acc≥0.55"
sz000599,2347,0.02080938220024109,0.014661218039691448,0.5135593220338983,0.5135593220338983,0.49344335451253185,0.5669781931464174,0.00099102221429348,3.873837042454799,3.869999885559082,0.017316372059649938,0.057230327378992585,False,"( |ret|≥max(0.0293,0.012) AND |ret|≥0.8·σ60 ) AND acc≥0.55"
sh600135,2354,0.024132139980793,0.01706521026790142,0.4872665534804754,0.4872665534804754,0.5304840519640895,0.5714285714285714,0.0018584653735160828,7.283523586840762,7.269999980926514,0.022161318779388036,0.08386073741411287,False,"( |ret|≥max(0.0341,0.012) AND |ret|≥0.8·σ60 ) AND acc≥0.55"
sz000753,2343,0.018995516002178192,0.012669040821492672,0.5644067796610169,0.5644067796610169,0.5877203380428586,0.6536856745479833,-0.0065368786454200745,3.5268697155764173,3.549999952316284,0.027951980227799714,-0.2338609377059243,False,"( |ret|≥max(0.0253,0.012) AND |ret|≥0.8·σ60 ) AND acc≥0.55"
sh600425,2372,0.026005728170275688,0.01843945123255253,0.5796610169491525,0.5796610169491525,0.5924865218466886,0.6345864661654136,0.004973911680281162,4.120443742822135,4.099999904632568,0.022799130790627384,0.2181622424265178,False,"( |ret|≥max(0.0369,0.012) AND |ret|≥0.8·σ60 ) AND acc≥0.55"
sz000970,2365,0.02571221813559532,0.018272995948791504,0.6113013698630136,0.6113013698630136,0.6158675454941167,0.6336633663366337,0.014632213860750198,12.146435542276338,11.970000267028809,0.03319916478771768,0.4407402881038932,False,"( |ret|≥max(0.0365,0.012) AND |ret|≥0.8·σ60 ) AND acc≥0.55"
sh600463,2357,0.025764303281903267,0.017835725098848343,0.5428082191780822,0.5428082191780822,0.5387118752228648,0.6472148541114059,0.0004466325044631958,8.653863852405493,8.649999618530273,0.04586226809396403,0.009738559073496557,False,"( |ret|≥max(0.0357,0.012) AND |ret|≥0.8·σ60 ) AND acc≥0.55"
sz002007,2369,0.031276848167181015,0.02939147874712944,0.48983050847457626,0.48983050847457626,0.5870317533900444,0.0,-0.004485765937715769,22.170326173170572,22.270000457763672,0.02279991418194282,-0.1967447743211543,False,"( |ret|≥max(0.0588,0.012) AND |ret|≥0.8·σ60 ) AND acc≥0.55"
sz000800,2353,0.021924708038568497,0.015387467108666897,0.6442141623488774,0.6442141623488774,0.6213955476252718,0.65,0.0005248356610536575,8.274341988116156,8.270000457763672,0.016460556090338696,0.0318844235473592,False,"( |ret|≥max(0.0308,0.012) AND |ret|≥0.8·σ60 ) AND acc≥0.55"
sz002022,2343,0.02817905880510807,0.019779691472649574,0.6271186440677966,0.6271186440677966,0.62542507402432,0.664576802507837,0.0073484499007463455,14.81849387902511,14.710000038146973,0.03525527903820473,0.20843538944704515,False,"( |ret|≥max(0.0396,0.012) AND |ret|≥0.8·σ60 ) AND acc≥0.55"
sz000886,2374,0.022565992549061775,0.015545031987130642,0.5,0.5,0.5680672625514827,0.6125166444740346,0.000356307253241539,4.021432591287324,4.019999980926514,0.016156703219466488,0.022053201564055776,False,"( |ret|≥max(0.0311,0.012) AND |ret|≥0.8·σ60 ) AND acc≥0.55"
sh600596,2353,0.03314519301056862,0.024410966783761978,0.5429553264604811,0.5429553264604811,0.6424762433516436,0.5304659498207885,-0.013620412908494473,27.621213905942213,28.0,0.03024184593549428,-0.4503828381944131,False,"( |ret|≥max(0.0488,0.012) AND |ret|≥0.8·σ60 ) AND acc≥0.55"
sz000667,2363,0.024851728230714798,0.01626143418252468,0.42203389830508475,0.42203389830508475,0.4195388867763933,0.5338983050847458,-0.004524667747318745,1.9909711062812168,2.0,0.028925505758092548,-0.15642479066437628,False,"( |ret|≥max(0.0325,0.012) AND |ret|≥0.8·σ60 ) AND acc≥0.55"
sh600976,2366,0.035872820764780045,0.030313802883028984,0.5152542372881356,0.5152542372881356,0.566234130097034,0.5289256198347108,-0.019919507205486298,57.159986768516916,58.310001373291016,0.04952951764955889,-0.4021743826515919,False,"( |ret|≥max(0.0606,0.012) AND |ret|≥0.8·σ60 ) AND acc≥0.55"
sh600731,2349,0.02481096051633358,0.016842786222696304,0.5406779661016949,0.5406779661016949,0.5607984552008988,0.5245283018867924,0.00233633816242218,7.647847215200705,7.630000114440918,0.027715218723665187,0.08429799319777045,False,"( |ret|≥max(0.0337,0.012) AND |ret|≥0.8·σ60 ) AND acc≥0.55"
sh600812,2354,0.03554272651672363,0.02737775817513466,0.5507745266781411,0.5507745266781411,0.5712078762371814,0.16556291390728478,0.000889836810529232,7.766908435867814,7.760000228881836,0.0343271977432012,0.025922201921753214,False,"( |ret|≥max(0.0548,0.012) AND |ret|≥0.8·σ60 ) AND acc≥0.55"
sz000933,2363,0.037268348038196564,0.027712184935808182,0.5,0.5,0.5548039776500118,0.47739602169981915,-0.017791729420423508,14.63724719799609,14.899999618530273,0.04192599838860197,-0.42436020275329567,False,"( |ret|≥max(0.0554,0.012) AND |ret|≥0.8·σ60 ) AND acc≥0.55"
sz000049,2344,0.03156323358416557,0.02375895529985428,0.5711864406779661,0.5711864406779661,0.6443227341946557,0.4142857142857143,-0.004164526239037514,36.59727190153588,36.75,0.033962337771903967,-0.12262185956657276,False,"( |ret|≥max(0.0475,0.012) AND |ret|≥0.8·σ60 ) AND acc≥0.55"
sh600500,2347,0.021272199228405952,0.015210995450615883,0.5915254237288136,0.5915254237288136,0.629620261461487,0.6327868852459017,0.0005475860089063644,7.013839858097278,7.010000228881836,0.021078215320371033,0.02597875298245106,False,"( |ret|≥max(0.0304,0.012) AND |ret|≥0.8·σ60 ) AND acc≥0.55"
sh600360,2362,0.030936341732740402,0.022599924355745316,0.6541095890410958,0.6541095890410958,0.6909302204753967,0.6378986866791745,0.001686733216047287,7.3123237338767275,7.300000190734863,0.021293612441084575,0.07921307051978396,False,"( |ret|≥max(0.0452,0.012) AND |ret|≥0.8·σ60 ) AND acc≥0.55"
sh600961,2367,0.031075840815901756,0.022046897560358047,0.576271186440678,0.576271186440678,0.5803828652165235,0.5729166666666666,-0.001279287040233612,9.338046694883959,9.350000381469727,0.03045147616864407,-0.042010660272827516,False,"( |ret|≥max(0.0441,0.012) AND |ret|≥0.8·σ60 ) AND acc≥0.55"
sz000543,2340,0.0194737259298563,0.012808066792786121,0.5728813559322034,0.5728813559322034,0.5464238170879172,0.6434231378763867,0.004921039566397667,4.019732671071587,4.0,0.028724112459031895,0.17132079747314666,False,"( |ret|≥max(0.0256,0.012) AND |ret|≥0.8·σ60 ) AND acc≥0.55"
sz000680,2374,0.022221151739358902,0.01583726890385151,0.5694915254237288,0.5694915254237288,0.6395073051963588,0.5233265720081136,0.0005345121026039124,3.982127945902704,3.9800000190734863,0.021087424708751207,0.02534742181713036,False,"( |ret|≥max(0.0317,0.012) AND |ret|≥0.8·σ60 ) AND acc≥0.55"
sh600712,2375,0.0318443588912487,0.022352095693349838,0.5372881355932203,0.5372881355932203,0.5356616568544916,0.5969696969696969,-0.003355748951435089,4.146063329092872,4.159999847412109,0.028894982544333918,-0.11613600336758437,False,"( |ret|≥max(0.0447,0.012) AND |ret|≥0.8·σ60 ) AND acc≥0.55"
sz000060,2364,0.022559626027941704,0.01579882763326168,0.5728813559322034,0.5728813559322034,0.6055347711820431,0.6214511041009464,-0.0021891891956329346,4.609896894440214,4.619999885559082,0.02135062785830803,-0.10253507226160319,False,"( |ret|≥max(0.0316,0.012) AND |ret|≥0.8·σ60 ) AND acc≥0.55"
sh600495,2367,0.02039596252143383,0.014021704904735088,0.5372881355932203,0.5372881355932203,0.5846801035263294,0.6169296987087518,0.004892162978649139,3.8588318464693234,3.8399999141693115,0.02049821412258936,0.23866277143774128,False,"( |ret|≥max(0.0280,0.012) AND |ret|≥0.8·σ60 ) AND acc≥0.55"
sz000735,2359,0.018888022750616074,0.013470377773046494,0.6322033898305085,0.6322033898305085,0.6973115639399422,0.6779141104294478,0.0020373910665512085,6.463154377205051,6.449999809265137,0.016353093644810746,0.12458742455275297,False,"( |ret|≥max(0.0269,0.012) AND |ret|≥0.8·σ60 ) AND acc≥0.55"
sh600616,2371,0.03187153860926628,0.02185732126235962,0.5627118644067797,0.5627118644067797,0.585308770075293,0.5856905158069884,-0.00039821863174438477,5.997611163880627,6.0,0.02183451215846979,-0.01823802824051785,False,"( |ret|≥max(0.0437,0.012) AND |ret|≥0.8·σ60 ) AND acc≥0.55"
sz000910,2358,0.02654295600950718,0.019457699730992317,0.5915254237288136,0.5915254237288136,0.5838410998106789,0.5902777777777778,0.004829727113246918,10.611125701158326,10.5600004196167,0.024360748180305026,0.19825848922680958,False,"( |ret|≥max(0.0389,0.012) AND |ret|≥0.8·σ60 ) AND acc≥0.55"
sh600391,2365,0.032936014235019684,0.024084391072392464,0.5288135593220339,0.5288135593220339,0.5742764819329351,0.573228346456693,0.010181627236306667,21.437157070004616,21.219999313354492,0.03158569100189799,0.3223492565732466,False,"( |ret|≥max(0.0482,0.012) AND |ret|≥0.8·σ60 ) AND acc≥0.55"
sh600307,2368,0.024813195690512657,0.017332768067717552,0.48983050847457626,0.48983050847457626,0.5353636174797187,0.592797783933518,-0.001196879893541336,2.1174640181888043,2.119999885559082,0.022577012649090806,-0.05301318566863976,False,"( |ret|≥max(0.0347,0.012) AND |ret|≥0.8·σ60 ) AND acc≥0.55"
sh600787,2357,0.022164853289723396,0.01498924195766449,0.5050847457627119,0.5050847457627119,0.5413873501541537,0.6243523316062176,0.001706800889223814,5.359139086390253,5.349999904632568,0.021914806642516833,0.07788342093232291,False,"( |ret|≥max(0.0300,0.012) AND |ret|≥0.8·σ60 ) AND acc≥0.55"
sh600201,2348,0.022670434787869453,0.016756555065512657,0.5152542372881356,0.5152542372881356,0.5092007631490767,0.40756302521008403,0.008051574230194092,11.673613515338316,11.579999923706055,0.025143652227655106,0.3202228123052932,False,"( |ret|≥max(0.0335,0.012) AND |ret|≥0.8·σ60 ) AND acc≥0.55"
sz000848,2376,0.028034958988428116,0.01898297294974327,0.5796610169491525,0.5796610169491525,0.6087543253895816,0.5945945945945946,-6.943196058273315e-05,8.199430486966412,8.199999809265137,0.030539422640628113,-0.0022735183524779825,False,"( |ret|≥max(0.0380,0.012) AND |ret|≥0.8·σ60 ) AND acc≥0.55"
sh600713,2349,0.017932739108800888,0.012274015694856644,0.4728813559322034,0.4728813559322034,0.5666376666180822,0.2138728323699422,-0.003212439827620983,5.4823599299499985,5.5,0.02858334703296256,-0.1123884722118669,False,"( |ret|≥max(0.0245,0.012) AND |ret|≥0.8·σ60 ) AND acc≥0.55"
sz000957,2361,0.0252967718988657,0.018123021349310875,0.5745762711864407,0.5745762711864407,0.591507383042094,0.608130081300813,0.0025476738810539246,4.992703610482537,4.980000019073486,0.019877586970883602,0.1281681022502729,False,"( |ret|≥max(0.0362,0.012) AND |ret|≥0.8·σ60 ) AND acc≥0.55"
sh600027,2368,0.022865450009703636,0.015350730158388615,0.6112054329371817,0.6112054329371817,0.6095650216285872,0.6488294314381271,0.002807464450597763,3.610120977014701,3.5999999046325684,0.032616067091387715,0.08607609194482418,False,"( |ret|≥max(0.0307,0.012) AND |ret|≥0.8·σ60 ) AND acc≥0.55"
sz000078,2360,0.02588677778840065,0.0166799146682024,0.4542372881355932,0.4542372881355932,0.5009716295270299,0.6166666666666667,-0.00037716329097747803,3.728593465257853,3.7300000190734863,0.030675440779483466,-0.012295281125248681,False,"( |ret|≥max(0.0334,0.012) AND |ret|≥0.8·σ60 ) AND acc≥0.55"
sh600336,2350,0.03057967685163021,0.021748853847384453,0.6559322033898305,0.6559322033898305,0.7027797514896962,0.6215139442231076,0.002247896743938327,5.923299859752544,5.909999847412109,0.025137491329258965,0.0894240328223025,False,"( |ret|≥max(0.0435,0.012) AND |ret|≥0.8·σ60 ) AND acc≥0.55"
sz000937,2368,0.02941265143454075,0.02014324814081192,0.47966101694915253,0.47966101694915253,0.5195350180499096,0.5798319327731093,-0.00422416627407074,7.1596923589131745,7.190000057220459,0.03652457678508927,-0.11565267798718001,False,"( |ret|≥max(0.0403,0.012) AND |ret|≥0.8·σ60 ) AND acc≥0.55"
sh600980,2335,0.027360903099179268,0.019770625978708267,0.6362068965517241,0.6362068965517241,0.6855907297447893,0.6371681415929203,0.003120187669992447,15.979782520249612,15.930000305175781,0.022349012292741707,0.13961181966361857,False,"( |ret|≥max(0.0395,0.012) AND |ret|≥0.8·σ60 ) AND acc≥0.55"
sh600352,2348,0.020717209205031395,0.014779552817344666,0.5254237288135594,0.5254237288135594,0.6093054764154624,0.22349570200573066,-0.00264102965593338,10.89119808245085,10.920000076293945,0.01672345890321652,-0.15792355468938718,False,"( |ret|≥max(0.0296,0.012) AND |ret|≥0.8·σ60 ) AND acc≥0.55"
sh600218,2366,0.028700008988380432,0.020686715841293335,0.6508474576271186,0.6508474576271186,0.6918662547000707,0.6231343283582089,0.0011541172862052917,10.432032920825563,10.420000076293945,0.03434762841543733,0.033601066607437585,False,"( |ret|≥max(0.0414,0.012) AND |ret|≥0.8·σ60 ) AND acc≥0.55"
sh600108,2371,0.025673571974039078,0.018049512058496475,0.49322033898305084,0.49322033898305084,0.4977418963627921,0.5304659498207885,0.007169636432081461,3.847486360036316,3.819999933242798,0.02793685326469721,0.2566371308099384,False,"( |ret|≥max(0.0361,0.012) AND |ret|≥0.8·σ60 ) AND acc≥0.55"
sz000551,2350,0.028598247095942497,0.019587425515055656,0.6559322033898305,0.6559322033898305,0.7277733043679319,0.6522522522522523,0.00380079448223114,8.953967674403733,8.920000076293945,0.024499096132299964,0.15514012885637976,False,"( |ret|≥max(0.0392,0.012) AND |ret|≥0.8·σ60 ) AND acc≥0.55"
sz002017,2360,0.02789279632270336,0.02057618647813797,0.6610169491525424,0.6610169491525424,0.6613199853599518,0.6238185255198487,-0.004379387944936752,13.03279930748757,13.09000015258789,0.04064206202217618,-0.10775503627244097,False,"( |ret|≥max(0.0412,0.012) AND |ret|≥0.8·σ60 ) AND acc≥0.55"
sz002024,2346,0.020143654197454453,0.013212502934038639,0.5644599303135889,0.5644599303135889,0.5153425097154787,0.5403225806451613,0.00604802742600441,3.491050276022599,3.4700000286102295,0.023306329596517045,0.259501385919402,False,"( |ret|≥max(0.0264,0.012) AND |ret|≥0.8·σ60 ) AND acc≥0.55"
sh600190,2366,0.02172420360147953,0.013125378638505936,0.4576271186440678,0.4576271186440678,0.5036956109125699,0.6093366093366094,-0.006112433969974518,3.7271482835649876,3.75,0.04694156760356499,-0.1302136460260404,False,"( |ret|≥max(0.0263,0.012) AND |ret|≥0.8·σ60 ) AND acc≥0.55"
sh600513,2328,0.028610123321413994,0.01907741092145443,0.5440677966101695,0.5440677966101695,0.5648515174618944,0.46382978723404256,0.0020318105816841125,9.539362959237977,9.520000457763672,0.022130256448962476,0.09181139261788548,False,"( |ret|≥max(0.0382,0.012) AND |ret|≥0.8·σ60 ) AND acc≥0.55"
sh600361,2366,0.02798769250512123,0.018130522221326828,0.55,0.55,0.5860370312790995,0.6073131955484896,0.0036768838763237,5.379744508224467,5.360000133514404,0.0305803089296937,0.1202369368605054,False,"( |ret|≥max(0.0363,0.012) AND |ret|≥0.8·σ60 ) AND acc≥0.55"
sh600020,2372,0.012779316864907742,0.009475916624069214,0.4288135593220339,0.4288135593220339,0.4911014255557646,0.5828144458281445,0.001672418788075447,3.2253897228123622,3.2200000286102295,0.013996030338502788,0.11949228121861447,False,"( |ret|≥max(0.0190,0.012) AND |ret|≥0.8·σ60 ) AND acc≥0.55"
sz000598,2369,0.014578031376004219,0.009888280183076859,0.5864406779661017,0.5864406779661017,0.6412525847932118,0.5873015873015873,-0.0011916318908333778,4.9441047447038375,4.949999809265137,0.01832751170175281,-0.06501871394425425,False,"( |ret|≥max(0.0198,0.012) AND |ret|≥0.8·σ60 ) AND acc≥0.55"
sh600066,2336,0.022306978702545166,0.015779811888933182,0.5610169491525424,0.5610169491525424,0.6137411356437971,0.6366197183098592,0.0005561448633670807,8.564762343917621,8.5600004196167,0.015621080861190946,0.03560217838235405,False,"( |ret|≥max(0.0316,0.012) AND |ret|≥0.8·σ60 ) AND acc≥0.55"
sh600693,2340,0.01454191841185093,0.009678469970822334,0.511864406779661,0.511864406779661,0.4792977178461183,0.5825545171339563,-0.001293964684009552,3.864995480839791,3.869999885559082,0.013636125528496136,-0.09489233084443076,False,"( |ret|≥max(0.0194,0.012) AND |ret|≥0.8·σ60 ) AND acc≥0.55"
sh600612,2372,0.019360991194844246,0.01512623019516468,0.4915254237288136,0.4915254237288136,0.5943633619817181,0.032679738562091505,0.0004809722304344177,43.02068678039333,43.0,0.017332460024516154,0.027749780022933823,False,"( |ret|≥max(0.0303,0.012) AND |ret|≥0.8·σ60 ) AND acc≥0.55"
sh600489,2349,0.020711364224553108,0.014588487334549427,0.601018675721562,0.601018675721562,0.6128800283998284,0.6127946127946128,-0.00024802982807159424,8.058001546998627,8.0600004196167,0.02242657800809624,-0.011059632788636985,False,"( |ret|≥max(0.0292,0.012) AND |ret|≥0.8·σ60 ) AND acc≥0.55"
sz000789,2373,0.023005938157439232,0.01656305603682995,0.5728813559322034,0.5728813559322034,0.6005662425354533,0.39097744360902253,-0.006269250065088272,12.103879696352703,12.180000305175781,0.024109728183937945,-0.2600297861909129,False,"( |ret|≥max(0.0331,0.012) AND |ret|≥0.8·σ60 ) AND acc≥0.55"
sh600884,2354,0.03462614119052887,0.026053374633193016,0.588135593220339,0.588135593220339,0.5884583647924082,0.5426944971537002,-0.00985165685415268,26.477859845555756,26.739999771118164,0.029426499462559222,-0.33478849629404467,False,"( |ret|≥max(0.0521,0.012) AND |ret|≥0.8·σ60 ) AND acc≥0.55"
sh600529,2329,0.031674958765506744,0.029428398236632347,0.47966101694915253,0.47966101694915253,0.521835073405424,0.6450867052023121,0.011569544672966003,27.19279447245541,26.8799991607666,0.027148768618540764,0.42615341321707906,False,"( |ret|≥max(0.0589,0.012) AND |ret|≥0.8·σ60 ) AND acc≥0.55"
sz000949,2354,0.032132744789123535,0.022413689643144608,0.5254237288135594,0.5254237288135594,0.566960883186951,0.4883720930232558,0.0009641200304031372,4.874697414123628,4.869999885559082,0.025411124562579487,0.03794084943467669,False,"( |ret|≥max(0.0448,0.012) AND |ret|≥0.8·σ60 ) AND acc≥0.55"
sh600082,2367,0.020229965448379517,0.013912761583924294,0.47627118644067795,0.47627118644067795,0.5636001912127487,0.6265356265356266,-0.0025502070784568787,4.737901949201416,4.75,0.02921459125862058,-0.08729220898417599,False,"( |ret|≥max(0.0278,0.012) AND |ret|≥0.8·σ60 ) AND acc≥0.55"
sh600509,2355,0.03220725804567337,0.023262007161974907,0.5745762711864407,0.5745762711864407,0.5930584846938459,0.638235294117647,-0.004433983005583286,5.256640604925324,5.28000020980835,0.031275843025442486,-0.14177017016854185,False,"( |ret|≥max(0.0465,0.012) AND |ret|≥0.8·σ60 ) AND acc≥0.55"
sh600351,2346,0.028203224763274193,0.01851598173379898,0.5457627118644067,0.5457627118644067,0.6559313443983403,0.6209912536443148,0.00019595492631196976,8.211608985734923,8.210000038146973,0.044071139695110055,0.004446331163757047,False,"( |ret|≥max(0.0370,0.012) AND |ret|≥0.8·σ60 ) AND acc≥0.55"
sh600720,2368,0.025090696290135384,0.020410116761922836,0.5067796610169492,0.5067796610169492,0.5870979044059367,0.047619047619047616,0.0019729100167751312,10.28026226712233,10.260000228881836,0.020375410664533678,0.09682794035311683,False,"( |ret|≥max(0.0408,0.012) AND |ret|≥0.8·σ60 ) AND acc≥0.55"
sz002008,2357,0.026265323162078857,0.020151842385530472,0.6593220338983051,0.6593220338983051,0.6283572122207124,0.66996699669967,0.0016178935766220093,38.702565395383395,38.63999938964844,0.026810683238291076,0.060345085531445,False,"( |ret|≥max(0.0403,0.012) AND |ret|≥0.8·σ60 ) AND acc≥0.55"
sz000488,2349,0.024397149682044983,0.016932716593146324,0.6203389830508474,0.6203389830508474,0.6428635781824146,0.634974533106961,-0.01364316139370203,6.4513795924745,6.539999961853027,0.018046847914821713,-0.7559854163032463,False,"( |ret|≥max(0.0339,0.012) AND |ret|≥0.8·σ60 ) AND acc≥0.55"
sz000705,2350,0.022012745961546898,0.014595065265893936,0.5610169491525424,0.5610169491525424,0.5884235237852883,0.5627240143369175,0.0007830783724784851,10.408146822838743,10.399999618530273,0.045613066520412957,0.017167848174591743,False,"( |ret|≥max(0.0292,0.012) AND |ret|≥0.8·σ60 ) AND acc≥0.55"
sh600008,2354,0.0164970550686121,0.01145864650607109,0.4982876712328767,0.4982876712328767,0.49906759639805043,0.6139154160982264,0.0009781122207641602,3.113043312158868,3.109999895095825,0.01946657612694249,0.05024569867494207,False,"( |ret|≥max(0.0229,0.012) AND |ret|≥0.8·σ60 ) AND acc≥0.55"
sh600726,2353,0.031219301745295525,0.021668115630745888,0.5255102040816326,0.5255102040816326,0.548732789794762,0.5604026845637584,0.00331132672727108,2.4681594037295014,2.4600000381469727,0.030933515218570462,0.10704653620542337,False,"( |ret|≥max(0.0433,0.012) AND |ret|≥0.8·σ60 ) AND acc≥0.55"
sz000777,2349,0.026234189048409462,0.018499327823519707,0.5076923076923077,0.5076923076923077,0.5244506560681554,0.49264705882352944,0.00623663142323494,12.11532364282238,12.039999961853027,0.034208712366590656,0.18231114732673662,False,"( |ret|≥max(0.0370,0.012) AND |ret|≥0.8·σ60 ) AND acc≥0.55"
sz000404,2361,0.019300755113363266,0.013999405317008495,0.5728813559322034,0.5728813559322034,0.6098969300696095,0.6396103896103896,0.0021419432014226913,4.780227999963921,4.769999980926514,0.025282030031989883,0.08472192903390892,False,"( |ret|≥max(0.0280,0.012) AND |ret|≥0.8·σ60 ) AND acc≥0.55"
sz000860,2339,0.029964718967676163,0.022920317947864532,0.4830508474576271,0.4830508474576271,0.5034200636076952,0.6266829865361077,-0.0024946853518486023,23.531223869406094,23.59000015258789,0.032962836881750904,-0.07568173224836734,False,"( |ret|≥max(0.0458,0.012) AND |ret|≥0.8·σ60 ) AND acc≥0.55"
sh600350,2365,0.01954009383916855,0.013628285378217697,0.5203389830508475,0.5203389830508475,0.5449289379584558,0.34517766497461927,0.00028345733880996704,5.131454456733712,5.130000114440918,0.014439245610405067,0.019631021602367436,False,"( |ret|≥max(0.0273,0.012) AND |ret|≥0.8·σ60 ) AND acc≥0.55"
sh600116,2350,0.024713093414902687,0.017224054783582687,0.5833333333333334,0.5833333333333334,0.5449446432984753,0.5610200364298725,0.001629263162612915,11.388539706554072,11.369999885559082,0.03242589125346783,0.05024573256660588,False,"( |ret|≥max(0.0344,0.012) AND |ret|≥0.8·σ60 ) AND acc≥0.55"
sz000936,2328,0.029686758294701576,0.020698504522442818,0.5983050847457627,0.5983050847457627,0.6304581838942147,0.6453576864535768,0.005743017420172691,5.571907814118059,5.539999961853027,0.01900740421391528,0.3021461707278543,False,"( |ret|≥max(0.0414,0.012) AND |ret|≥0.8·σ60 ) AND acc≥0.55"
sh600805,2375,0.02423962764441967,0.016541656106710434,0.4864406779661017,0.4864406779661017,0.5136128045429125,0.5899280575539568,0.0018409453332424164,3.9472600625248213,3.940000057220459,0.02314334863617198,0.0795452968682387,False,"( |ret|≥max(0.0331,0.012) AND |ret|≥0.8·σ60 ) AND acc≥0.55"
sh600325,2363,0.017200222238898277,0.0119848707690835,0.635593220338983,0.635593220338983,0.6342386539643481,0.6264150943396226,-0.031918663531541824,6.818840898774819,7.039999961853027,0.021186718484235523,-1.5065404531564013,True,"( |ret|≥max(0.0240,0.012) AND |ret|≥0.8·σ60 ) AND acc≥0.55"
sh600166,2371,0.028978871181607246,0.020731238648295403,0.535593220338983,0.535593220338983,0.5568450089019166,0.49794238683127573,-0.0038403943181037903,2.609957348878353,2.619999885559082,0.0201124958470407,-0.1909455911317413,False,"( |ret|≥max(0.0415,0.012) AND |ret|≥0.8·σ60 ) AND acc≥0.55"
sh600333,2341,0.029384514316916466,0.020263230428099632,0.523728813559322,0.523728813559322,0.6004182056488717,0.6059743954480796,0.006823377683758736,4.973822804831407,4.940000057220459,0.0267312984876946,0.25525790055880676,False,"( |ret|≥max(0.0405,0.012) AND |ret|≥0.8·σ60 ) AND acc≥0.55"
sh600658,2361,0.025942234322428703,0.017903346568346024,0.5576271186440678,0.5576271186440678,0.565380582056886,0.643646408839779,0.0038398532196879387,4.76827436578084,4.75,0.02792233391473153,0.13751901457177,False,"( |ret|≥max(0.0358,0.012) AND |ret|≥0.8·σ60 ) AND acc≥0.55"
sh600285,2334,0.025884903967380524,0.018685657531023026,0.511864406779661,0.511864406779661,0.6016870198188536,0.5165794066317626,-0.00784238800406456,13.692198498641902,13.800000190734863,0.039227212785886686,-0.1999220808179702,False,"( |ret|≥max(0.0374,0.012) AND |ret|≥0.8·σ60 ) AND acc≥0.55"
sh600496,2357,0.026483336463570595,0.01912504993379116,0.567062818336163,0.567062818336163,0.5418859914234524,0.6201550387596899,0.0009793629869818687,4.514419319771094,4.510000228881836,0.028617700780901124,0.03422226866711769,False,"( |ret|≥max(0.0383,0.012) AND |ret|≥0.8·σ60 ) AND acc≥0.55"
sz000819,2374,0.027326395735144615,0.01815558783710003,0.48135593220338985,0.48135593220338985,0.5103156505744146,0.6458333333333334,-0.0024704132229089737,12.628763016213831,12.65999984741211,0.04437121488246129,-0.05567602042659542,False,"( |ret|≥max(0.0363,0.012) AND |ret|≥0.8·σ60 ) AND acc≥0.55"
sz000726,2345,0.014791353605687618,0.010112273506820202,0.5016949152542373,0.5016949152542373,0.5217370426723027,0.6340852130325815,-0.0018480680882930756,6.348257274369912,6.360000133514404,0.02118793580804979,-0.08722261728604912,False,"( |ret|≥max(0.0202,0.012) AND |ret|≥0.8·σ60 ) AND acc≥0.55"
sz000525,2354,0.032548271119594574,0.026214217767119408,0.49745331069609505,0.49745331069609505,0.555061471158013,0.6492890995260664,0.0001495741307735443,8.031200903031106,8.029999732971191,0.03714240998531398,0.0040270432253118014,False,"( |ret|≥max(0.0524,0.012) AND |ret|≥0.8·σ60 ) AND acc≥0.55"
sh600422,2334,0.020262232050299644,0.014373698271811008,0.5949152542372881,0.5949152542372881,0.6490211617734287,0.5676190476190476,-0.0036473535001277924,11.926420967525575,11.970000267028809,0.03852098690271003,-0.09468481590286136,False,"( |ret|≥max(0.0287,0.012) AND |ret|≥0.8·σ60 ) AND acc≥0.55"
sh600498,2329,0.022370578721165657,0.015518492087721825,0.5644067796610169,0.5644067796610169,0.5889683223785112,0.6344238975817923,-0.0013566240668296814,15.279257915169953,15.300000190734863,0.022299801710587205,-0.06083567361179115,False,"( |ret|≥max(0.0310,0.012) AND |ret|≥0.8·σ60 ) AND acc≥0.55"
sz000026,2367,0.030662449076771736,0.02224481850862503,0.5389830508474577,0.5389830508474577,0.5305738820985033,0.4472573839662447,0.003730282187461853,9.625840364827784,9.59000015258789,0.022640096426217216,0.16476433976221025,False,"( |ret|≥max(0.0445,0.012) AND |ret|≥0.8·σ60 ) AND acc≥0.55"
sh600079,2347,0.03108072467148304,0.025171227753162384,0.5103448275862069,0.5103448275862069,0.5232425879868802,0.207492795389049,0.0044919028878211975,16.724958026806803,16.649999618530273,0.024527663842060458,0.18313611460856954,False,"( |ret|≥max(0.0503,0.012) AND |ret|≥0.8·σ60 ) AND acc≥0.55"
sh600015,2376,0.009664361365139484,0.006606454961001873,0.4423728813559322,0.4423728813559322,0.5403507238346363,0.5859872611464968,-0.0007540620863437653,5.415914600273304,5.420000076293945,0.010464465641228216,-0.07205923279833455,False,"( |ret|≥max(0.0132,0.012) AND |ret|≥0.8·σ60 ) AND acc≥0.55"
sh600635,2372,0.017466971650719643,0.012575285509228706,0.5050847457627119,0.5050847457627119,0.5128609651929419,0.5683563748079877,0.0016134679317474365,3.515667834100697,3.509999990463257,0.014756580836565853,0.10933879983643445,False,"( |ret|≥max(0.0252,0.012) AND |ret|≥0.8·σ60 ) AND acc≥0.55"
sz000039,2346,0.022312790155410767,0.015462497249245644,0.6358974358974359,0.6358974358974359,0.6828406611916649,0.6666666666666666,-0.00031659752130508423,14.205501899444505,14.210000038146973,0.018892514033194002,-0.01675782022290008,False,"( |ret|≥max(0.0309,0.012) AND |ret|≥0.8·σ60 ) AND acc≥0.55"
sh600887,2348,0.02007950469851494,0.015024091117084026,0.6016949152542372,0.6016949152542372,0.7359857684868816,0.4675925925925926,-0.0038984976708889008,35.88980935459967,36.029998779296875,0.018617464550178923,-0.20939991943490713,False,"( |ret|≥max(0.0300,0.012) AND |ret|≥0.8·σ60 ) AND acc≥0.55"
sz000797,2345,0.022834040224552155,0.016383374109864235,0.4745762711864407,0.4745762711864407,0.5165784077707334,0.592,-0.0022800355218350887,3.082962630279807,3.0899999141693115,0.030261310608106134,-0.07534487841301721,False,"( |ret|≥max(0.0328,0.012) AND |ret|≥0.8·σ60 ) AND acc≥0.55"
